Year|City|Days with Heat Waves|drought|max_avg_temp_month|max_avg_temp|Produtividade aparente do trabalho|Energy Consumption (GWh)|Production Source|Energy Production (GWh)
1995|Viana do Castelo|31|227.0|28.6|21.0|18177.0|29237.207072|Total|33264
1995|Viana do Castelo|31|227.0|28.6|21.0|18177.0|29237.207072|Eolic|16
1995|Viana do Castelo|31|227.0|28.6|21.0|18177.0|29237.207072|Geothermal|42
1995|Viana do Castelo|31|227.0|28.6|21.0|18177.0|29237.207072|Hydric|8454
1995|Viana do Castelo|31|227.0|28.6|21.0|18177.0|29237.207072|Thermal|24751
1995|Viana do Castelo|31|227.0|28.6|21.0|18177.0|29237.207072|Photovoltaic|1
1995|Bragança|41|236.0|30.0|19.5|18177.0|29237.207072|Total|33264
1995|Bragança|41|236.0|30.0|19.5|18177.0|29237.207072|Eolic|16
1995|Bragança|41|236.0|30.0|19.5|18177.0|29237.207072|Geothermal|42
1995|Bragança|41|236.0|30.0|19.5|18177.0|29237.207072|Hydric|8454
1995|Bragança|41|236.0|30.0|19.5|18177.0|29237.207072|Thermal|24751
1995|Bragança|41|236.0|30.0|19.5|18177.0|29237.207072|Photovoltaic|1
1995|Porto|21|205.0|27.1|19.9|18177.0|29237.207072|Total|33264
1995|Porto|21|205.0|27.1|19.9|18177.0|29237.207072|Eolic|16
1995|Porto|21|205.0|27.1|19.9|18177.0|29237.207072|Geothermal|42
1995|Porto|21|205.0|27.1|19.9|18177.0|29237.207072|Hydric|8454
1995|Porto|21|205.0|27.1|19.9|18177.0|29237.207072|Thermal|24751
1995|Porto|21|205.0|27.1|19.9|18177.0|29237.207072|Photovoltaic|1
1995|Castelo Branco|13|251.0|32.6|21.9|18177.0|29237.207072|Total|33264
1995|Castelo Branco|13|251.0|32.6|21.9|18177.0|29237.207072|Eolic|16
1995|Castelo Branco|13|251.0|32.6|21.9|18177.0|29237.207072|Geothermal|42
1995|Castelo Branco|13|251.0|32.6|21.9|18177.0|29237.207072|Hydric|8454
1995|Castelo Branco|13|251.0|32.6|21.9|18177.0|29237.207072|Thermal|24751
1995|Castelo Branco|13|251.0|32.6|21.9|18177.0|29237.207072|Photovoltaic|1
1995|Lisboa|14|261.0|29.5|22.1|18177.0|29237.207072|Total|33264
1995|Lisboa|14|261.0|29.5|22.1|18177.0|29237.207072|Eolic|16
1995|Lisboa|14|261.0|29.5|22.1|18177.0|29237.207072|Geothermal|42
1995|Lisboa|14|261.0|29.5|22.1|18177.0|29237.207072|Hydric|8454
1995|Lisboa|14|261.0|29.5|22.1|18177.0|29237.207072|Thermal|24751
1995|Lisboa|14|261.0|29.5|22.1|18177.0|29237.207072|Photovoltaic|1
1995|Beja|27|286.0|34.3|24.1|18177.0|29237.207072|Total|33264
1995|Beja|27|286.0|34.3|24.1|18177.0|29237.207072|Eolic|16
1995|Beja|27|286.0|34.3|24.1|18177.0|29237.207072|Geothermal|42
1995|Beja|27|286.0|34.3|24.1|18177.0|29237.207072|Hydric|8454
1995|Beja|27|286.0|34.3|24.1|18177.0|29237.207072|Thermal|24751
1995|Beja|27|286.0|34.3|24.1|18177.0|29237.207072|Photovoltaic|1
1995|Faro|0|282.0|29.7|23.1|18177.0|29237.207072|Total|33264
1995|Faro|0|282.0|29.7|23.1|18177.0|29237.207072|Eolic|16
1995|Faro|0|282.0|29.7|23.1|18177.0|29237.207072|Geothermal|42
1995|Faro|0|282.0|29.7|23.1|18177.0|29237.207072|Hydric|8454
1995|Faro|0|282.0|29.7|23.1|18177.0|29237.207072|Thermal|24751
1995|Faro|0|282.0|29.7|23.1|18177.0|29237.207072|Photovoltaic|1
1996|Viana do Castelo|6|202.0|26.7|19.9|18879.4|30793.680351|Total|34520
1996|Viana do Castelo|6|202.0|26.7|19.9|18879.4|30793.680351|Eolic|21
1996|Viana do Castelo|6|202.0|26.7|19.9|18879.4|30793.680351|Geothermal|49
1996|Viana do Castelo|6|202.0|26.7|19.9|18879.4|30793.680351|Hydric|14857
1996|Viana do Castelo|6|202.0|26.7|19.9|18879.4|30793.680351|Thermal|19592
1996|Viana do Castelo|6|202.0|26.7|19.9|18879.4|30793.680351|Photovoltaic|1
1996|Bragança|22|220.0|29.5|18.1|18879.4|30793.680351|Total|34520
1996|Bragança|22|220.0|29.5|18.1|18879.4|30793.680351|Eolic|21
1996|Bragança|22|220.0|29.5|18.1|18879.4|30793.680351|Geothermal|49
1996|Bragança|22|220.0|29.5|18.1|18879.4|30793.680351|Hydric|14857
1996|Bragança|22|220.0|29.5|18.1|18879.4|30793.680351|Thermal|19592
1996|Bragança|22|220.0|29.5|18.1|18879.4|30793.680351|Photovoltaic|1
1996|Porto|0|202.0|24.5|18.5|18879.4|30793.680351|Total|34520
1996|Porto|0|202.0|24.5|18.5|18879.4|30793.680351|Eolic|21
1996|Porto|0|202.0|24.5|18.5|18879.4|30793.680351|Geothermal|49
1996|Porto|0|202.0|24.5|18.5|18879.4|30793.680351|Hydric|14857
1996|Porto|0|202.0|24.5|18.5|18879.4|30793.680351|Thermal|19592
1996|Porto|0|202.0|24.5|18.5|18879.4|30793.680351|Photovoltaic|1
1996|Castelo Branco|6|231.0|32.2|20.5|18879.4|30793.680351|Total|34520
1996|Castelo Branco|6|231.0|32.2|20.5|18879.4|30793.680351|Eolic|21
1996|Castelo Branco|6|231.0|32.2|20.5|18879.4|30793.680351|Geothermal|49
1996|Castelo Branco|6|231.0|32.2|20.5|18879.4|30793.680351|Hydric|14857
1996|Castelo Branco|6|231.0|32.2|20.5|18879.4|30793.680351|Thermal|19592
1996|Castelo Branco|6|231.0|32.2|20.5|18879.4|30793.680351|Photovoltaic|1
1996|Lisboa|0|233.0|28.2|21.0|18879.4|30793.680351|Total|34520
1996|Lisboa|0|233.0|28.2|21.0|18879.4|30793.680351|Eolic|21
1996|Lisboa|0|233.0|28.2|21.0|18879.4|30793.680351|Geothermal|49
1996|Lisboa|0|233.0|28.2|21.0|18879.4|30793.680351|Hydric|14857
1996|Lisboa|0|233.0|28.2|21.0|18879.4|30793.680351|Thermal|19592
1996|Lisboa|0|233.0|28.2|21.0|18879.4|30793.680351|Photovoltaic|1
1996|Beja|7|235.0|33.8|22.6|18879.4|30793.680351|Total|34520
1996|Beja|7|235.0|33.8|22.6|18879.4|30793.680351|Eolic|21
1996|Beja|7|235.0|33.8|22.6|18879.4|30793.680351|Geothermal|49
1996|Beja|7|235.0|33.8|22.6|18879.4|30793.680351|Hydric|14857
1996|Beja|7|235.0|33.8|22.6|18879.4|30793.680351|Thermal|19592
1996|Beja|7|235.0|33.8|22.6|18879.4|30793.680351|Photovoltaic|1
1996|Faro|0|255.0|29.1|21.7|18879.4|30793.680351|Total|34520
1996|Faro|0|255.0|29.1|21.7|18879.4|30793.680351|Eolic|21
1996|Faro|0|255.0|29.1|21.7|18879.4|30793.680351|Geothermal|49
1996|Faro|0|255.0|29.1|21.7|18879.4|30793.680351|Hydric|14857
1996|Faro|0|255.0|29.1|21.7|18879.4|30793.680351|Thermal|19592
1996|Faro|0|255.0|29.1|21.7|18879.4|30793.680351|Photovoltaic|1
1997|Viana do Castelo|40|201.0|27.5|21.3|19967.8|32438.177021|Total|34207
1997|Viana do Castelo|40|201.0|27.5|21.3|19967.8|32438.177021|Eolic|38
1997|Viana do Castelo|40|201.0|27.5|21.3|19967.8|32438.177021|Geothermal|51
1997|Viana do Castelo|40|201.0|27.5|21.3|19967.8|32438.177021|Hydric|13175
1997|Viana do Castelo|40|201.0|27.5|21.3|19967.8|32438.177021|Thermal|20942
1997|Viana do Castelo|40|201.0|27.5|21.3|19967.8|32438.177021|Photovoltaic|1
1997|Bragança|50|224.0|29.1|19.0|19967.8|32438.177021|Total|34207
1997|Bragança|50|224.0|29.1|19.0|19967.8|32438.177021|Eolic|38
1997|Bragança|50|224.0|29.1|19.0|19967.8|32438.177021|Geothermal|51
1997|Bragança|50|224.0|29.1|19.0|19967.8|32438.177021|Hydric|13175
1997|Bragança|50|224.0|29.1|19.0|19967.8|32438.177021|Thermal|20942
1997|Bragança|50|224.0|29.1|19.0|19967.8|32438.177021|Photovoltaic|1
1997|Porto|6|209.0|25.0|19.9|19967.8|32438.177021|Total|34207
1997|Porto|6|209.0|25.0|19.9|19967.8|32438.177021|Eolic|38
1997|Porto|6|209.0|25.0|19.9|19967.8|32438.177021|Geothermal|51
1997|Porto|6|209.0|25.0|19.9|19967.8|32438.177021|Hydric|13175
1997|Porto|6|209.0|25.0|19.9|19967.8|32438.177021|Thermal|20942
1997|Porto|6|209.0|25.0|19.9|19967.8|32438.177021|Photovoltaic|1
1997|Castelo Branco|33|242.0|30.7|21.4|19967.8|32438.177021|Total|34207
1997|Castelo Branco|33|242.0|30.7|21.4|19967.8|32438.177021|Eolic|38
1997|Castelo Branco|33|242.0|30.7|21.4|19967.8|32438.177021|Geothermal|51
1997|Castelo Branco|33|242.0|30.7|21.4|19967.8|32438.177021|Hydric|13175
1997|Castelo Branco|33|242.0|30.7|21.4|19967.8|32438.177021|Thermal|20942
1997|Castelo Branco|33|242.0|30.7|21.4|19967.8|32438.177021|Photovoltaic|1
1997|Lisboa|9|243.0|27.8|21.9|19967.8|32438.177021|Total|34207
1997|Lisboa|9|243.0|27.8|21.9|19967.8|32438.177021|Eolic|38
1997|Lisboa|9|243.0|27.8|21.9|19967.8|32438.177021|Geothermal|51
1997|Lisboa|9|243.0|27.8|21.9|19967.8|32438.177021|Hydric|13175
1997|Lisboa|9|243.0|27.8|21.9|19967.8|32438.177021|Thermal|20942
1997|Lisboa|9|243.0|27.8|21.9|19967.8|32438.177021|Photovoltaic|1
1997|Beja|34|253.0|31.9|23.3|19967.8|32438.177021|Total|34207
1997|Beja|34|253.0|31.9|23.3|19967.8|32438.177021|Eolic|38
1997|Beja|34|253.0|31.9|23.3|19967.8|32438.177021|Geothermal|51
1997|Beja|34|253.0|31.9|23.3|19967.8|32438.177021|Hydric|13175
1997|Beja|34|253.0|31.9|23.3|19967.8|32438.177021|Thermal|20942
1997|Beja|34|253.0|31.9|23.3|19967.8|32438.177021|Photovoltaic|1
1997|Faro|0|269.0|28.1|22.6|19967.8|32438.177021|Total|34207
1997|Faro|0|269.0|28.1|22.6|19967.8|32438.177021|Eolic|38
1997|Faro|0|269.0|28.1|22.6|19967.8|32438.177021|Geothermal|51
1997|Faro|0|269.0|28.1|22.6|19967.8|32438.177021|Hydric|13175
1997|Faro|0|269.0|28.1|22.6|19967.8|32438.177021|Thermal|20942
1997|Faro|0|269.0|28.1|22.6|19967.8|32438.177021|Photovoltaic|1
1998|Viana do Castelo|16|217.0|28.3|20.5|20877.2|34410.979269|Total|38984
1998|Viana do Castelo|16|217.0|28.3|20.5|20877.2|34410.979269|Eolic|89
1998|Viana do Castelo|16|217.0|28.3|20.5|20877.2|34410.979269|Geothermal|58
1998|Viana do Castelo|16|217.0|28.3|20.5|20877.2|34410.979269|Hydric|13054
1998|Viana do Castelo|16|217.0|28.3|20.5|20877.2|34410.979269|Thermal|25782
1998|Viana do Castelo|16|217.0|28.3|20.5|20877.2|34410.979269|Photovoltaic|1
1998|Bragança|28|241.0|32.3|19.0|20877.2|34410.979269|Total|38984
1998|Bragança|28|241.0|32.3|19.0|20877.2|34410.979269|Eolic|89
1998|Bragança|28|241.0|32.3|19.0|20877.2|34410.979269|Geothermal|58
1998|Bragança|28|241.0|32.3|19.0|20877.2|34410.979269|Hydric|13054
1998|Bragança|28|241.0|32.3|19.0|20877.2|34410.979269|Thermal|25782
1998|Bragança|28|241.0|32.3|19.0|20877.2|34410.979269|Photovoltaic|1
1998|Porto|7|232.0|25.2|19.0|20877.2|34410.979269|Total|38984
1998|Porto|7|232.0|25.2|19.0|20877.2|34410.979269|Eolic|89
1998|Porto|7|232.0|25.2|19.0|20877.2|34410.979269|Geothermal|58
1998|Porto|7|232.0|25.2|19.0|20877.2|34410.979269|Hydric|13054
1998|Porto|7|232.0|25.2|19.0|20877.2|34410.979269|Thermal|25782
1998|Porto|7|232.0|25.2|19.0|20877.2|34410.979269|Photovoltaic|1
1998|Castelo Branco|6|268.0|34.0|21.5|20877.2|34410.979269|Total|38984
1998|Castelo Branco|6|268.0|34.0|21.5|20877.2|34410.979269|Eolic|89
1998|Castelo Branco|6|268.0|34.0|21.5|20877.2|34410.979269|Geothermal|58
1998|Castelo Branco|6|268.0|34.0|21.5|20877.2|34410.979269|Hydric|13054
1998|Castelo Branco|6|268.0|34.0|21.5|20877.2|34410.979269|Thermal|25782
1998|Castelo Branco|6|268.0|34.0|21.5|20877.2|34410.979269|Photovoltaic|1
1998|Lisboa|0|268.0|28.4|21.4|20877.2|34410.979269|Total|38984
1998|Lisboa|0|268.0|28.4|21.4|20877.2|34410.979269|Eolic|89
1998|Lisboa|0|268.0|28.4|21.4|20877.2|34410.979269|Geothermal|58
1998|Lisboa|0|268.0|28.4|21.4|20877.2|34410.979269|Hydric|13054
1998|Lisboa|0|268.0|28.4|21.4|20877.2|34410.979269|Thermal|25782
1998|Lisboa|0|268.0|28.4|21.4|20877.2|34410.979269|Photovoltaic|1
1998|Beja|12|289.0|34.4|23.4|20877.2|34410.979269|Total|38984
1998|Beja|12|289.0|34.4|23.4|20877.2|34410.979269|Eolic|89
1998|Beja|12|289.0|34.4|23.4|20877.2|34410.979269|Geothermal|58
1998|Beja|12|289.0|34.4|23.4|20877.2|34410.979269|Hydric|13054
1998|Beja|12|289.0|34.4|23.4|20877.2|34410.979269|Thermal|25782
1998|Beja|12|289.0|34.4|23.4|20877.2|34410.979269|Photovoltaic|1
1998|Faro|0|295.0|29.3|22.3|20877.2|34410.979269|Total|38984
1998|Faro|0|295.0|29.3|22.3|20877.2|34410.979269|Eolic|89
1998|Faro|0|295.0|29.3|22.3|20877.2|34410.979269|Geothermal|58
1998|Faro|0|295.0|29.3|22.3|20877.2|34410.979269|Hydric|13054
1998|Faro|0|295.0|29.3|22.3|20877.2|34410.979269|Thermal|25782
1998|Faro|0|295.0|29.3|22.3|20877.2|34410.979269|Photovoltaic|1
1999|Viana do Castelo|19|206.0|27.5|20.0|21996.7|36741.116273|Total|43287
1999|Viana do Castelo|19|206.0|27.5|20.0|21996.7|36741.116273|Eolic|123
1999|Viana do Castelo|19|206.0|27.5|20.0|21996.7|36741.116273|Geothermal|80
1999|Viana do Castelo|19|206.0|27.5|20.0|21996.7|36741.116273|Hydric|7631
1999|Viana do Castelo|19|206.0|27.5|20.0|21996.7|36741.116273|Thermal|35452
1999|Viana do Castelo|19|206.0|27.5|20.0|21996.7|36741.116273|Photovoltaic|1
1999|Bragança|15|238.0|30.7|18.3|21996.7|36741.116273|Total|43287
1999|Bragança|15|238.0|30.7|18.3|21996.7|36741.116273|Eolic|123
1999|Bragança|15|238.0|30.7|18.3|21996.7|36741.116273|Geothermal|80
1999|Bragança|15|238.0|30.7|18.3|21996.7|36741.116273|Hydric|7631
1999|Bragança|15|238.0|30.7|18.3|21996.7|36741.116273|Thermal|35452
1999|Bragança|15|238.0|30.7|18.3|21996.7|36741.116273|Photovoltaic|1
1999|Porto|6|220.0|24.7|19.0|21996.7|36741.116273|Total|43287
1999|Porto|6|220.0|24.7|19.0|21996.7|36741.116273|Eolic|123
1999|Porto|6|220.0|24.7|19.0|21996.7|36741.116273|Geothermal|80
1999|Porto|6|220.0|24.7|19.0|21996.7|36741.116273|Hydric|7631
1999|Porto|6|220.0|24.7|19.0|21996.7|36741.116273|Thermal|35452
1999|Porto|6|220.0|24.7|19.0|21996.7|36741.116273|Photovoltaic|1
1999|Castelo Branco|15|242.0|33.1|20.9|21996.7|36741.116273|Total|43287
1999|Castelo Branco|15|242.0|33.1|20.9|21996.7|36741.116273|Eolic|123
1999|Castelo Branco|15|242.0|33.1|20.9|21996.7|36741.116273|Geothermal|80
1999|Castelo Branco|15|242.0|33.1|20.9|21996.7|36741.116273|Hydric|7631
1999|Castelo Branco|15|242.0|33.1|20.9|21996.7|36741.116273|Thermal|35452
1999|Castelo Branco|15|242.0|33.1|20.9|21996.7|36741.116273|Photovoltaic|1
1999|Lisboa|9|260.0|28.3|20.9|21996.7|36741.116273|Total|43287
1999|Lisboa|9|260.0|28.3|20.9|21996.7|36741.116273|Eolic|123
1999|Lisboa|9|260.0|28.3|20.9|21996.7|36741.116273|Geothermal|80
1999|Lisboa|9|260.0|28.3|20.9|21996.7|36741.116273|Hydric|7631
1999|Lisboa|9|260.0|28.3|20.9|21996.7|36741.116273|Thermal|35452
1999|Lisboa|9|260.0|28.3|20.9|21996.7|36741.116273|Photovoltaic|1
1999|Beja|10|285.0|33.7|22.8|21996.7|36741.116273|Total|43287
1999|Beja|10|285.0|33.7|22.8|21996.7|36741.116273|Eolic|123
1999|Beja|10|285.0|33.7|22.8|21996.7|36741.116273|Geothermal|80
1999|Beja|10|285.0|33.7|22.8|21996.7|36741.116273|Hydric|7631
1999|Beja|10|285.0|33.7|22.8|21996.7|36741.116273|Thermal|35452
1999|Beja|10|285.0|33.7|22.8|21996.7|36741.116273|Photovoltaic|1
1999|Faro|6|299.0|28.0|21.8|21996.7|36741.116273|Total|43287
1999|Faro|6|299.0|28.0|21.8|21996.7|36741.116273|Eolic|123
1999|Faro|6|299.0|28.0|21.8|21996.7|36741.116273|Geothermal|80
1999|Faro|6|299.0|28.0|21.8|21996.7|36741.116273|Hydric|7631
1999|Faro|6|299.0|28.0|21.8|21996.7|36741.116273|Thermal|35452
1999|Faro|6|299.0|28.0|21.8|21996.7|36741.116273|Photovoltaic|1
2000|Viana do Castelo|12|186.0|26.0|19.9|23142.6|38939.46907|Total|43764
2000|Viana do Castelo|12|186.0|26.0|19.9|23142.6|38939.46907|Eolic|168
2000|Viana do Castelo|12|186.0|26.0|19.9|23142.6|38939.46907|Geothermal|80
2000|Viana do Castelo|12|186.0|26.0|19.9|23142.6|38939.46907|Hydric|11715
2000|Viana do Castelo|12|186.0|26.0|19.9|23142.6|38939.46907|Thermal|31800
2000|Viana do Castelo|12|186.0|26.0|19.9|23142.6|38939.46907|Photovoltaic|1
2000|Bragança|21|228.0|28.5|18.4|23142.6|38939.46907|Total|43764
2000|Bragança|21|228.0|28.5|18.4|23142.6|38939.46907|Eolic|168
2000|Bragança|21|228.0|28.5|18.4|23142.6|38939.46907|Geothermal|80
2000|Bragança|21|228.0|28.5|18.4|23142.6|38939.46907|Hydric|11715
2000|Bragança|21|228.0|28.5|18.4|23142.6|38939.46907|Thermal|31800
2000|Bragança|21|228.0|28.5|18.4|23142.6|38939.46907|Photovoltaic|1
2000|Porto|12|191.0|24.1|18.8|23142.6|38939.46907|Total|43764
2000|Porto|12|191.0|24.1|18.8|23142.6|38939.46907|Eolic|168
2000|Porto|12|191.0|24.1|18.8|23142.6|38939.46907|Geothermal|80
2000|Porto|12|191.0|24.1|18.8|23142.6|38939.46907|Hydric|11715
2000|Porto|12|191.0|24.1|18.8|23142.6|38939.46907|Thermal|31800
2000|Porto|12|191.0|24.1|18.8|23142.6|38939.46907|Photovoltaic|1
2000|Castelo Branco|8|234.0|31.2|20.9|23142.6|38939.46907|Total|43764
2000|Castelo Branco|8|234.0|31.2|20.9|23142.6|38939.46907|Eolic|168
2000|Castelo Branco|8|234.0|31.2|20.9|23142.6|38939.46907|Geothermal|80
2000|Castelo Branco|8|234.0|31.2|20.9|23142.6|38939.46907|Hydric|11715
2000|Castelo Branco|8|234.0|31.2|20.9|23142.6|38939.46907|Thermal|31800
2000|Castelo Branco|8|234.0|31.2|20.9|23142.6|38939.46907|Photovoltaic|1
2000|Lisboa|6|257.0|28.6|21.3|23142.6|38939.46907|Total|43764
2000|Lisboa|6|257.0|28.6|21.3|23142.6|38939.46907|Eolic|168
2000|Lisboa|6|257.0|28.6|21.3|23142.6|38939.46907|Geothermal|80
2000|Lisboa|6|257.0|28.6|21.3|23142.6|38939.46907|Hydric|11715
2000|Lisboa|6|257.0|28.6|21.3|23142.6|38939.46907|Thermal|31800
2000|Lisboa|6|257.0|28.6|21.3|23142.6|38939.46907|Photovoltaic|1
2000|Beja|0|274.0|33.2|22.8|23142.6|38939.46907|Total|43764
2000|Beja|0|274.0|33.2|22.8|23142.6|38939.46907|Eolic|168
2000|Beja|0|274.0|33.2|22.8|23142.6|38939.46907|Geothermal|80
2000|Beja|0|274.0|33.2|22.8|23142.6|38939.46907|Hydric|11715
2000|Beja|0|274.0|33.2|22.8|23142.6|38939.46907|Thermal|31800
2000|Beja|0|274.0|33.2|22.8|23142.6|38939.46907|Photovoltaic|1
2000|Faro|0|290.0|29.7|22.1|23142.6|38939.46907|Total|43764
2000|Faro|0|290.0|29.7|22.1|23142.6|38939.46907|Eolic|168
2000|Faro|0|290.0|29.7|22.1|23142.6|38939.46907|Geothermal|80
2000|Faro|0|290.0|29.7|22.1|23142.6|38939.46907|Hydric|11715
2000|Faro|0|290.0|29.7|22.1|23142.6|38939.46907|Thermal|31800
2000|Faro|0|290.0|29.7|22.1|23142.6|38939.46907|Photovoltaic|1
2001|Viana do Castelo|15|199.0|26.2|20.2|24192.7|40540.701913|Total|46509
2001|Viana do Castelo|15|199.0|26.2|20.2|24192.7|40540.701913|Eolic|256
2001|Viana do Castelo|15|199.0|26.2|20.2|24192.7|40540.701913|Geothermal|105
2001|Viana do Castelo|15|199.0|26.2|20.2|24192.7|40540.701913|Hydric|14375
2001|Viana do Castelo|15|199.0|26.2|20.2|24192.7|40540.701913|Thermal|31772
2001|Viana do Castelo|15|199.0|26.2|20.2|24192.7|40540.701913|Photovoltaic|1
2001|Bragança|19|254.0|29.3|18.4|24192.7|40540.701913|Total|46509
2001|Bragança|19|254.0|29.3|18.4|24192.7|40540.701913|Eolic|256
2001|Bragança|19|254.0|29.3|18.4|24192.7|40540.701913|Geothermal|105
2001|Bragança|19|254.0|29.3|18.4|24192.7|40540.701913|Hydric|14375
2001|Bragança|19|254.0|29.3|18.4|24192.7|40540.701913|Thermal|31772
2001|Bragança|19|254.0|29.3|18.4|24192.7|40540.701913|Photovoltaic|1
2001|Porto|0|215.0|24.8|18.9|24192.7|40540.701913|Total|46509
2001|Porto|0|215.0|24.8|18.9|24192.7|40540.701913|Eolic|256
2001|Porto|0|215.0|24.8|18.9|24192.7|40540.701913|Geothermal|105
2001|Porto|0|215.0|24.8|18.9|24192.7|40540.701913|Hydric|14375
2001|Porto|0|215.0|24.8|18.9|24192.7|40540.701913|Thermal|31772
2001|Porto|0|215.0|24.8|18.9|24192.7|40540.701913|Photovoltaic|1
2001|Castelo Branco|15|241.0|31.0|20.8|24192.7|40540.701913|Total|46509
2001|Castelo Branco|15|241.0|31.0|20.8|24192.7|40540.701913|Eolic|256
2001|Castelo Branco|15|241.0|31.0|20.8|24192.7|40540.701913|Geothermal|105
2001|Castelo Branco|15|241.0|31.0|20.8|24192.7|40540.701913|Hydric|14375
2001|Castelo Branco|15|241.0|31.0|20.8|24192.7|40540.701913|Thermal|31772
2001|Castelo Branco|15|241.0|31.0|20.8|24192.7|40540.701913|Photovoltaic|1
2001|Lisboa|7|254.0|27.1|20.8|24192.7|40540.701913|Total|46509
2001|Lisboa|7|254.0|27.1|20.8|24192.7|40540.701913|Eolic|256
2001|Lisboa|7|254.0|27.1|20.8|24192.7|40540.701913|Geothermal|105
2001|Lisboa|7|254.0|27.1|20.8|24192.7|40540.701913|Hydric|14375
2001|Lisboa|7|254.0|27.1|20.8|24192.7|40540.701913|Thermal|31772
2001|Lisboa|7|254.0|27.1|20.8|24192.7|40540.701913|Photovoltaic|1
2001|Beja|17|268.0|32.7|22.6|24192.7|40540.701913|Total|46509
2001|Beja|17|268.0|32.7|22.6|24192.7|40540.701913|Eolic|256
2001|Beja|17|268.0|32.7|22.6|24192.7|40540.701913|Geothermal|105
2001|Beja|17|268.0|32.7|22.6|24192.7|40540.701913|Hydric|14375
2001|Beja|17|268.0|32.7|22.6|24192.7|40540.701913|Thermal|31772
2001|Beja|17|268.0|32.7|22.6|24192.7|40540.701913|Photovoltaic|1
2001|Faro|6|281.0|28.8|22.1|24192.7|40540.701913|Total|46509
2001|Faro|6|281.0|28.8|22.1|24192.7|40540.701913|Eolic|256
2001|Faro|6|281.0|28.8|22.1|24192.7|40540.701913|Geothermal|105
2001|Faro|6|281.0|28.8|22.1|24192.7|40540.701913|Hydric|14375
2001|Faro|6|281.0|28.8|22.1|24192.7|40540.701913|Thermal|31772
2001|Faro|6|281.0|28.8|22.1|24192.7|40540.701913|Photovoltaic|1
2002|Viana do Castelo|6|183.0|26.0|20.0|25244.5|42116.729684|Total|46107
2002|Viana do Castelo|6|183.0|26.0|20.0|25244.5|42116.729684|Eolic|362
2002|Viana do Castelo|6|183.0|26.0|20.0|25244.5|42116.729684|Geothermal|96
2002|Viana do Castelo|6|183.0|26.0|20.0|25244.5|42116.729684|Hydric|8257
2002|Viana do Castelo|6|183.0|26.0|20.0|25244.5|42116.729684|Thermal|37390
2002|Viana do Castelo|6|183.0|26.0|20.0|25244.5|42116.729684|Photovoltaic|2
2002|Bragança|22|228.0|28.9|18.5|25244.5|42116.729684|Total|46107
2002|Bragança|22|228.0|28.9|18.5|25244.5|42116.729684|Eolic|362
2002|Bragança|22|228.0|28.9|18.5|25244.5|42116.729684|Geothermal|96
2002|Bragança|22|228.0|28.9|18.5|25244.5|42116.729684|Hydric|8257
2002|Bragança|22|228.0|28.9|18.5|25244.5|42116.729684|Thermal|37390
2002|Bragança|22|228.0|28.9|18.5|25244.5|42116.729684|Photovoltaic|2
2002|Porto|0|203.0|23.8|18.9|25244.5|42116.729684|Total|46107
2002|Porto|0|203.0|23.8|18.9|25244.5|42116.729684|Eolic|362
2002|Porto|0|203.0|23.8|18.9|25244.5|42116.729684|Geothermal|96
2002|Porto|0|203.0|23.8|18.9|25244.5|42116.729684|Hydric|8257
2002|Porto|0|203.0|23.8|18.9|25244.5|42116.729684|Thermal|37390
2002|Porto|0|203.0|23.8|18.9|25244.5|42116.729684|Photovoltaic|2
2002|Castelo Branco|15|233.0|31.6|21.0|25244.5|42116.729684|Total|46107
2002|Castelo Branco|15|233.0|31.6|21.0|25244.5|42116.729684|Eolic|362
2002|Castelo Branco|15|233.0|31.6|21.0|25244.5|42116.729684|Geothermal|96
2002|Castelo Branco|15|233.0|31.6|21.0|25244.5|42116.729684|Hydric|8257
2002|Castelo Branco|15|233.0|31.6|21.0|25244.5|42116.729684|Thermal|37390
2002|Castelo Branco|15|233.0|31.6|21.0|25244.5|42116.729684|Photovoltaic|2
2002|Lisboa|12|247.0|27.1|21.1|25244.5|42116.729684|Total|46107
2002|Lisboa|12|247.0|27.1|21.1|25244.5|42116.729684|Eolic|362
2002|Lisboa|12|247.0|27.1|21.1|25244.5|42116.729684|Geothermal|96
2002|Lisboa|12|247.0|27.1|21.1|25244.5|42116.729684|Hydric|8257
2002|Lisboa|12|247.0|27.1|21.1|25244.5|42116.729684|Thermal|37390
2002|Lisboa|12|247.0|27.1|21.1|25244.5|42116.729684|Photovoltaic|2
2002|Beja|23|265.0|33.0|22.6|25244.5|42116.729684|Total|46107
2002|Beja|23|265.0|33.0|22.6|25244.5|42116.729684|Eolic|362
2002|Beja|23|265.0|33.0|22.6|25244.5|42116.729684|Geothermal|96
2002|Beja|23|265.0|33.0|22.6|25244.5|42116.729684|Hydric|8257
2002|Beja|23|265.0|33.0|22.6|25244.5|42116.729684|Thermal|37390
2002|Beja|23|265.0|33.0|22.6|25244.5|42116.729684|Photovoltaic|2
2002|Faro|0|277.0|29.6|22.1|25244.5|42116.729684|Total|46107
2002|Faro|0|277.0|29.6|22.1|25244.5|42116.729684|Eolic|362
2002|Faro|0|277.0|29.6|22.1|25244.5|42116.729684|Geothermal|96
2002|Faro|0|277.0|29.6|22.1|25244.5|42116.729684|Hydric|8257
2002|Faro|0|277.0|29.6|22.1|25244.5|42116.729684|Thermal|37390
2002|Faro|0|277.0|29.6|22.1|25244.5|42116.729684|Photovoltaic|2
2003|Viana do Castelo|0|202.0|28.5|20.2|26191.5|43802.993542|Total|46852
2003|Viana do Castelo|0|202.0|28.5|20.2|26191.5|43802.993542|Eolic|496
2003|Viana do Castelo|0|202.0|28.5|20.2|26191.5|43802.993542|Geothermal|90
2003|Viana do Castelo|0|202.0|28.5|20.2|26191.5|43802.993542|Hydric|16054
2003|Viana do Castelo|0|202.0|28.5|20.2|26191.5|43802.993542|Thermal|30209
2003|Viana do Castelo|0|202.0|28.5|20.2|26191.5|43802.993542|Photovoltaic|3
2003|Bragança|29|224.0|32.0|18.9|26191.5|43802.993542|Total|46852
2003|Bragança|29|224.0|32.0|18.9|26191.5|43802.993542|Eolic|496
2003|Bragança|29|224.0|32.0|18.9|26191.5|43802.993542|Geothermal|90
2003|Bragança|29|224.0|32.0|18.9|26191.5|43802.993542|Hydric|16054
2003|Bragança|29|224.0|32.0|18.9|26191.5|43802.993542|Thermal|30209
2003|Bragança|29|224.0|32.0|18.9|26191.5|43802.993542|Photovoltaic|3
2003|Porto|0|207.0|27.0|19.4|26191.5|43802.993542|Total|46852
2003|Porto|0|207.0|27.0|19.4|26191.5|43802.993542|Eolic|496
2003|Porto|0|207.0|27.0|19.4|26191.5|43802.993542|Geothermal|90
2003|Porto|0|207.0|27.0|19.4|26191.5|43802.993542|Hydric|16054
2003|Porto|0|207.0|27.0|19.4|26191.5|43802.993542|Thermal|30209
2003|Porto|0|207.0|27.0|19.4|26191.5|43802.993542|Photovoltaic|3
2003|Castelo Branco|17|237.0|34.0|21.3|26191.5|43802.993542|Total|46852
2003|Castelo Branco|17|237.0|34.0|21.3|26191.5|43802.993542|Eolic|496
2003|Castelo Branco|17|237.0|34.0|21.3|26191.5|43802.993542|Geothermal|90
2003|Castelo Branco|17|237.0|34.0|21.3|26191.5|43802.993542|Hydric|16054
2003|Castelo Branco|17|237.0|34.0|21.3|26191.5|43802.993542|Thermal|30209
2003|Castelo Branco|17|237.0|34.0|21.3|26191.5|43802.993542|Photovoltaic|3
2003|Lisboa|0|260.0|30.1|21.4|26191.5|43802.993542|Total|46852
2003|Lisboa|0|260.0|30.1|21.4|26191.5|43802.993542|Eolic|496
2003|Lisboa|0|260.0|30.1|21.4|26191.5|43802.993542|Geothermal|90
2003|Lisboa|0|260.0|30.1|21.4|26191.5|43802.993542|Hydric|16054
2003|Lisboa|0|260.0|30.1|21.4|26191.5|43802.993542|Thermal|30209
2003|Lisboa|0|260.0|30.1|21.4|26191.5|43802.993542|Photovoltaic|3
2003|Beja|24|281.0|33.8|23.0|26191.5|43802.993542|Total|46852
2003|Beja|24|281.0|33.8|23.0|26191.5|43802.993542|Eolic|496
2003|Beja|24|281.0|33.8|23.0|26191.5|43802.993542|Geothermal|90
2003|Beja|24|281.0|33.8|23.0|26191.5|43802.993542|Hydric|16054
2003|Beja|24|281.0|33.8|23.0|26191.5|43802.993542|Thermal|30209
2003|Beja|24|281.0|33.8|23.0|26191.5|43802.993542|Photovoltaic|3
2003|Faro|6|282.0|30.8|22.3|26191.5|43802.993542|Total|46852
2003|Faro|6|282.0|30.8|22.3|26191.5|43802.993542|Eolic|496
2003|Faro|6|282.0|30.8|22.3|26191.5|43802.993542|Geothermal|90
2003|Faro|6|282.0|30.8|22.3|26191.5|43802.993542|Hydric|16054
2003|Faro|6|282.0|30.8|22.3|26191.5|43802.993542|Thermal|30209
2003|Faro|6|282.0|30.8|22.3|26191.5|43802.993542|Photovoltaic|3
2004|Viana do Castelo|14|218.0|26.7|20.3|27500.2|45498.596452|Total|45105
2004|Viana do Castelo|14|218.0|26.7|20.3|27500.2|45498.596452|Eolic|816
2004|Viana do Castelo|14|218.0|26.7|20.3|27500.2|45498.596452|Geothermal|84
2004|Viana do Castelo|14|218.0|26.7|20.3|27500.2|45498.596452|Hydric|10147
2004|Viana do Castelo|14|218.0|26.7|20.3|27500.2|45498.596452|Thermal|34055
2004|Viana do Castelo|14|218.0|26.7|20.3|27500.2|45498.596452|Photovoltaic|3
2004|Bragança|28|265.0|29.7|18.6|27500.2|45498.596452|Total|45105
2004|Bragança|28|265.0|29.7|18.6|27500.2|45498.596452|Eolic|816
2004|Bragança|28|265.0|29.7|18.6|27500.2|45498.596452|Geothermal|84
2004|Bragança|28|265.0|29.7|18.6|27500.2|45498.596452|Hydric|10147
2004|Bragança|28|265.0|29.7|18.6|27500.2|45498.596452|Thermal|34055
2004|Bragança|28|265.0|29.7|18.6|27500.2|45498.596452|Photovoltaic|3
2004|Porto|7|249.0|24.4|19.1|27500.2|45498.596452|Total|45105
2004|Porto|7|249.0|24.4|19.1|27500.2|45498.596452|Eolic|816
2004|Porto|7|249.0|24.4|19.1|27500.2|45498.596452|Geothermal|84
2004|Porto|7|249.0|24.4|19.1|27500.2|45498.596452|Hydric|10147
2004|Porto|7|249.0|24.4|19.1|27500.2|45498.596452|Thermal|34055
2004|Porto|7|249.0|24.4|19.1|27500.2|45498.596452|Photovoltaic|3
2004|Castelo Branco|28|274.0|32.6|21.5|27500.2|45498.596452|Total|45105
2004|Castelo Branco|28|274.0|32.6|21.5|27500.2|45498.596452|Eolic|816
2004|Castelo Branco|28|274.0|32.6|21.5|27500.2|45498.596452|Geothermal|84
2004|Castelo Branco|28|274.0|32.6|21.5|27500.2|45498.596452|Hydric|10147
2004|Castelo Branco|28|274.0|32.6|21.5|27500.2|45498.596452|Thermal|34055
2004|Castelo Branco|28|274.0|32.6|21.5|27500.2|45498.596452|Photovoltaic|3
2004|Lisboa|8|279.0|28.7|21.4|27500.2|45498.596452|Total|45105
2004|Lisboa|8|279.0|28.7|21.4|27500.2|45498.596452|Eolic|816
2004|Lisboa|8|279.0|28.7|21.4|27500.2|45498.596452|Geothermal|84
2004|Lisboa|8|279.0|28.7|21.4|27500.2|45498.596452|Hydric|10147
2004|Lisboa|8|279.0|28.7|21.4|27500.2|45498.596452|Thermal|34055
2004|Lisboa|8|279.0|28.7|21.4|27500.2|45498.596452|Photovoltaic|3
2004|Beja|16|266.0|34.5|23.3|27500.2|45498.596452|Total|45105
2004|Beja|16|266.0|34.5|23.3|27500.2|45498.596452|Eolic|816
2004|Beja|16|266.0|34.5|23.3|27500.2|45498.596452|Geothermal|84
2004|Beja|16|266.0|34.5|23.3|27500.2|45498.596452|Hydric|10147
2004|Beja|16|266.0|34.5|23.3|27500.2|45498.596452|Thermal|34055
2004|Beja|16|266.0|34.5|23.3|27500.2|45498.596452|Photovoltaic|3
2004|Faro|6|306.0|31.4|22.3|27500.2|45498.596452|Total|45105
2004|Faro|6|306.0|31.4|22.3|27500.2|45498.596452|Eolic|816
2004|Faro|6|306.0|31.4|22.3|27500.2|45498.596452|Geothermal|84
2004|Faro|6|306.0|31.4|22.3|27500.2|45498.596452|Hydric|10147
2004|Faro|6|306.0|31.4|22.3|27500.2|45498.596452|Thermal|34055
2004|Faro|6|306.0|31.4|22.3|27500.2|45498.596452|Photovoltaic|3
2005|Viana do Castelo|0|232.0|29.0|20.8|28498.2|47028.809174|Total|46575
2005|Viana do Castelo|0|232.0|29.0|20.8|28498.2|47028.809174|Eolic|1773
2005|Viana do Castelo|0|232.0|29.0|20.8|28498.2|47028.809174|Geothermal|71
2005|Viana do Castelo|0|232.0|29.0|20.8|28498.2|47028.809174|Hydric|5118
2005|Viana do Castelo|0|232.0|29.0|20.8|28498.2|47028.809174|Thermal|39610
2005|Viana do Castelo|0|232.0|29.0|20.8|28498.2|47028.809174|Photovoltaic|3
2005|Bragança|25|275.0|30.2|19.0|28498.2|47028.809174|Total|46575
2005|Bragança|25|275.0|30.2|19.0|28498.2|47028.809174|Eolic|1773
2005|Bragança|25|275.0|30.2|19.0|28498.2|47028.809174|Geothermal|71
2005|Bragança|25|275.0|30.2|19.0|28498.2|47028.809174|Hydric|5118
2005|Bragança|25|275.0|30.2|19.0|28498.2|47028.809174|Thermal|39610
2005|Bragança|25|275.0|30.2|19.0|28498.2|47028.809174|Photovoltaic|3
2005|Porto|0|250.0|27.0|19.6|28498.2|47028.809174|Total|46575
2005|Porto|0|250.0|27.0|19.6|28498.2|47028.809174|Eolic|1773
2005|Porto|0|250.0|27.0|19.6|28498.2|47028.809174|Geothermal|71
2005|Porto|0|250.0|27.0|19.6|28498.2|47028.809174|Hydric|5118
2005|Porto|0|250.0|27.0|19.6|28498.2|47028.809174|Thermal|39610
2005|Porto|0|250.0|27.0|19.6|28498.2|47028.809174|Photovoltaic|3
2005|Castelo Branco|18|282.0|34.0|21.7|28498.2|47028.809174|Total|46575
2005|Castelo Branco|18|282.0|34.0|21.7|28498.2|47028.809174|Eolic|1773
2005|Castelo Branco|18|282.0|34.0|21.7|28498.2|47028.809174|Geothermal|71
2005|Castelo Branco|18|282.0|34.0|21.7|28498.2|47028.809174|Hydric|5118
2005|Castelo Branco|18|282.0|34.0|21.7|28498.2|47028.809174|Thermal|39610
2005|Castelo Branco|18|282.0|34.0|21.7|28498.2|47028.809174|Photovoltaic|3
2005|Lisboa|7|290.0|29.9|21.5|28498.2|47028.809174|Total|46575
2005|Lisboa|7|290.0|29.9|21.5|28498.2|47028.809174|Eolic|1773
2005|Lisboa|7|290.0|29.9|21.5|28498.2|47028.809174|Geothermal|71
2005|Lisboa|7|290.0|29.9|21.5|28498.2|47028.809174|Hydric|5118
2005|Lisboa|7|290.0|29.9|21.5|28498.2|47028.809174|Thermal|39610
2005|Lisboa|7|290.0|29.9|21.5|28498.2|47028.809174|Photovoltaic|3
2005|Beja|14|301.0|34.9|23.5|28498.2|47028.809174|Total|46575
2005|Beja|14|301.0|34.9|23.5|28498.2|47028.809174|Eolic|1773
2005|Beja|14|301.0|34.9|23.5|28498.2|47028.809174|Geothermal|71
2005|Beja|14|301.0|34.9|23.5|28498.2|47028.809174|Hydric|5118
2005|Beja|14|301.0|34.9|23.5|28498.2|47028.809174|Thermal|39610
2005|Beja|14|301.0|34.9|23.5|28498.2|47028.809174|Photovoltaic|3
2005|Faro|0|304.0|28.7|21.8|28498.2|47028.809174|Total|46575
2005|Faro|0|304.0|28.7|21.8|28498.2|47028.809174|Eolic|1773
2005|Faro|0|304.0|28.7|21.8|28498.2|47028.809174|Geothermal|71
2005|Faro|0|304.0|28.7|21.8|28498.2|47028.809174|Hydric|5118
2005|Faro|0|304.0|28.7|21.8|28498.2|47028.809174|Thermal|39610
2005|Faro|0|304.0|28.7|21.8|28498.2|47028.809174|Photovoltaic|3
2006|Viana do Castelo|6|204.0|26.9|19.8|29728.0|48545.712359|Total|49041
2006|Viana do Castelo|6|204.0|26.9|19.8|29728.0|48545.712359|Eolic|2925
2006|Viana do Castelo|6|204.0|26.9|19.8|29728.0|48545.712359|Geothermal|85
2006|Viana do Castelo|6|204.0|26.9|19.8|29728.0|48545.712359|Hydric|11467
2006|Viana do Castelo|6|204.0|26.9|19.8|29728.0|48545.712359|Thermal|34559
2006|Viana do Castelo|6|204.0|26.9|19.8|29728.0|48545.712359|Photovoltaic|5
2006|Bragança|16|246.0|31.2|19.1|29728.0|48545.712359|Total|49041
2006|Bragança|16|246.0|31.2|19.1|29728.0|48545.712359|Eolic|2925
2006|Bragança|16|246.0|31.2|19.1|29728.0|48545.712359|Geothermal|85
2006|Bragança|16|246.0|31.2|19.1|29728.0|48545.712359|Hydric|11467
2006|Bragança|16|246.0|31.2|19.1|29728.0|48545.712359|Thermal|34559
2006|Bragança|16|246.0|31.2|19.1|29728.0|48545.712359|Photovoltaic|5
2006|Porto|23|229.0|27.8|20.0|29728.0|48545.712359|Total|49041
2006|Porto|23|229.0|27.8|20.0|29728.0|48545.712359|Eolic|2925
2006|Porto|23|229.0|27.8|20.0|29728.0|48545.712359|Geothermal|85
2006|Porto|23|229.0|27.8|20.0|29728.0|48545.712359|Hydric|11467
2006|Porto|23|229.0|27.8|20.0|29728.0|48545.712359|Thermal|34559
2006|Porto|23|229.0|27.8|20.0|29728.0|48545.712359|Photovoltaic|5
2006|Castelo Branco|16|261.0|33.0|21.7|29728.0|48545.712359|Total|49041
2006|Castelo Branco|16|261.0|33.0|21.7|29728.0|48545.712359|Eolic|2925
2006|Castelo Branco|16|261.0|33.0|21.7|29728.0|48545.712359|Geothermal|85
2006|Castelo Branco|16|261.0|33.0|21.7|29728.0|48545.712359|Hydric|11467
2006|Castelo Branco|16|261.0|33.0|21.7|29728.0|48545.712359|Thermal|34559
2006|Castelo Branco|16|261.0|33.0|21.7|29728.0|48545.712359|Photovoltaic|5
2006|Lisboa|0|271.0|29.7|21.8|29728.0|48545.712359|Total|49041
2006|Lisboa|0|271.0|29.7|21.8|29728.0|48545.712359|Eolic|2925
2006|Lisboa|0|271.0|29.7|21.8|29728.0|48545.712359|Geothermal|85
2006|Lisboa|0|271.0|29.7|21.8|29728.0|48545.712359|Hydric|11467
2006|Lisboa|0|271.0|29.7|21.8|29728.0|48545.712359|Thermal|34559
2006|Lisboa|0|271.0|29.7|21.8|29728.0|48545.712359|Photovoltaic|5
2006|Beja|28|255.0|35.0|23.4|29728.0|48545.712359|Total|49041
2006|Beja|28|255.0|35.0|23.4|29728.0|48545.712359|Eolic|2925
2006|Beja|28|255.0|35.0|23.4|29728.0|48545.712359|Geothermal|85
2006|Beja|28|255.0|35.0|23.4|29728.0|48545.712359|Hydric|11467
2006|Beja|28|255.0|35.0|23.4|29728.0|48545.712359|Thermal|34559
2006|Beja|28|255.0|35.0|23.4|29728.0|48545.712359|Photovoltaic|5
2006|Faro|0|289.0|29.8|22.3|29728.0|48545.712359|Total|49041
2006|Faro|0|289.0|29.8|22.3|29728.0|48545.712359|Eolic|2925
2006|Faro|0|289.0|29.8|22.3|29728.0|48545.712359|Geothermal|85
2006|Faro|0|289.0|29.8|22.3|29728.0|48545.712359|Hydric|11467
2006|Faro|0|289.0|29.8|22.3|29728.0|48545.712359|Thermal|34559
2006|Faro|0|289.0|29.8|22.3|29728.0|48545.712359|Photovoltaic|5
2007|Viana do Castelo|0|246.0|25.2|19.4|31539.3|49676.041662|Total|47253
2007|Viana do Castelo|0|246.0|25.2|19.4|31539.3|49676.041662|Eolic|4037
2007|Viana do Castelo|0|246.0|25.2|19.4|31539.3|49676.041662|Geothermal|201
2007|Viana do Castelo|0|246.0|25.2|19.4|31539.3|49676.041662|Hydric|10449
2007|Viana do Castelo|0|246.0|25.2|19.4|31539.3|49676.041662|Thermal|32542
2007|Viana do Castelo|0|246.0|25.2|19.4|31539.3|49676.041662|Photovoltaic|24
2007|Bragança|17|269.0|26.9|18.5|31539.3|49676.041662|Total|47253
2007|Bragança|17|269.0|26.9|18.5|31539.3|49676.041662|Eolic|4037
2007|Bragança|17|269.0|26.9|18.5|31539.3|49676.041662|Geothermal|201
2007|Bragança|17|269.0|26.9|18.5|31539.3|49676.041662|Hydric|10449
2007|Bragança|17|269.0|26.9|18.5|31539.3|49676.041662|Thermal|32542
2007|Bragança|17|269.0|26.9|18.5|31539.3|49676.041662|Photovoltaic|24
2007|Porto|0|251.0|25.7|19.7|31539.3|49676.041662|Total|47253
2007|Porto|0|251.0|25.7|19.7|31539.3|49676.041662|Eolic|4037
2007|Porto|0|251.0|25.7|19.7|31539.3|49676.041662|Geothermal|201
2007|Porto|0|251.0|25.7|19.7|31539.3|49676.041662|Hydric|10449
2007|Porto|0|251.0|25.7|19.7|31539.3|49676.041662|Thermal|32542
2007|Porto|0|251.0|25.7|19.7|31539.3|49676.041662|Photovoltaic|24
2007|Castelo Branco|0|275.0|30.7|21.0|31539.3|49676.041662|Total|47253
2007|Castelo Branco|0|275.0|30.7|21.0|31539.3|49676.041662|Eolic|4037
2007|Castelo Branco|0|275.0|30.7|21.0|31539.3|49676.041662|Geothermal|201
2007|Castelo Branco|0|275.0|30.7|21.0|31539.3|49676.041662|Hydric|10449
2007|Castelo Branco|0|275.0|30.7|21.0|31539.3|49676.041662|Thermal|32542
2007|Castelo Branco|0|275.0|30.7|21.0|31539.3|49676.041662|Photovoltaic|24
2007|Lisboa|0|285.0|27.5|21.1|31539.3|49676.041662|Total|47253
2007|Lisboa|0|285.0|27.5|21.1|31539.3|49676.041662|Eolic|4037
2007|Lisboa|0|285.0|27.5|21.1|31539.3|49676.041662|Geothermal|201
2007|Lisboa|0|285.0|27.5|21.1|31539.3|49676.041662|Hydric|10449
2007|Lisboa|0|285.0|27.5|21.1|31539.3|49676.041662|Thermal|32542
2007|Lisboa|0|285.0|27.5|21.1|31539.3|49676.041662|Photovoltaic|24
2007|Beja|0|266.0|33.2|22.8|31539.3|49676.041662|Total|47253
2007|Beja|0|266.0|33.2|22.8|31539.3|49676.041662|Eolic|4037
2007|Beja|0|266.0|33.2|22.8|31539.3|49676.041662|Geothermal|201
2007|Beja|0|266.0|33.2|22.8|31539.3|49676.041662|Hydric|10449
2007|Beja|0|266.0|33.2|22.8|31539.3|49676.041662|Thermal|32542
2007|Beja|0|266.0|33.2|22.8|31539.3|49676.041662|Photovoltaic|24
2007|Faro|0|303.0|30.1|22.3|31539.3|49676.041662|Total|47253
2007|Faro|0|303.0|30.1|22.3|31539.3|49676.041662|Eolic|4037
2007|Faro|0|303.0|30.1|22.3|31539.3|49676.041662|Geothermal|201
2007|Faro|0|303.0|30.1|22.3|31539.3|49676.041662|Hydric|10449
2007|Faro|0|303.0|30.1|22.3|31539.3|49676.041662|Thermal|32542
2007|Faro|0|303.0|30.1|22.3|31539.3|49676.041662|Photovoltaic|24
2008|Viana do Castelo|6|206.0|24.0|18.9|32257.1|49186.865934|Total|45969
2008|Viana do Castelo|6|206.0|24.0|18.9|32257.1|49186.865934|Eolic|5757
2008|Viana do Castelo|6|206.0|24.0|18.9|32257.1|49186.865934|Geothermal|192
2008|Viana do Castelo|6|206.0|24.0|18.9|32257.1|49186.865934|Hydric|7298
2008|Viana do Castelo|6|206.0|24.0|18.9|32257.1|49186.865934|Thermal|32681
2008|Viana do Castelo|6|206.0|24.0|18.9|32257.1|49186.865934|Photovoltaic|41
2008|Bragança|6|251.0|28.4|18.4|32257.1|49186.865934|Total|45969
2008|Bragança|6|251.0|28.4|18.4|32257.1|49186.865934|Eolic|5757
2008|Bragança|6|251.0|28.4|18.4|32257.1|49186.865934|Geothermal|192
2008|Bragança|6|251.0|28.4|18.4|32257.1|49186.865934|Hydric|7298
2008|Bragança|6|251.0|28.4|18.4|32257.1|49186.865934|Thermal|32681
2008|Bragança|6|251.0|28.4|18.4|32257.1|49186.865934|Photovoltaic|41
2008|Porto|6|217.0|23.6|19.1|32257.1|49186.865934|Total|45969
2008|Porto|6|217.0|23.6|19.1|32257.1|49186.865934|Eolic|5757
2008|Porto|6|217.0|23.6|19.1|32257.1|49186.865934|Geothermal|192
2008|Porto|6|217.0|23.6|19.1|32257.1|49186.865934|Hydric|7298
2008|Porto|6|217.0|23.6|19.1|32257.1|49186.865934|Thermal|32681
2008|Porto|6|217.0|23.6|19.1|32257.1|49186.865934|Photovoltaic|41
2008|Castelo Branco|12|266.0|31.3|21.0|32257.1|49186.865934|Total|45969
2008|Castelo Branco|12|266.0|31.3|21.0|32257.1|49186.865934|Eolic|5757
2008|Castelo Branco|12|266.0|31.3|21.0|32257.1|49186.865934|Geothermal|192
2008|Castelo Branco|12|266.0|31.3|21.0|32257.1|49186.865934|Hydric|7298
2008|Castelo Branco|12|266.0|31.3|21.0|32257.1|49186.865934|Thermal|32681
2008|Castelo Branco|12|266.0|31.3|21.0|32257.1|49186.865934|Photovoltaic|41
2008|Lisboa|0|266.0|27.1|21.1|32257.1|49186.865934|Total|45969
2008|Lisboa|0|266.0|27.1|21.1|32257.1|49186.865934|Eolic|5757
2008|Lisboa|0|266.0|27.1|21.1|32257.1|49186.865934|Geothermal|192
2008|Lisboa|0|266.0|27.1|21.1|32257.1|49186.865934|Hydric|7298
2008|Lisboa|0|266.0|27.1|21.1|32257.1|49186.865934|Thermal|32681
2008|Lisboa|0|266.0|27.1|21.1|32257.1|49186.865934|Photovoltaic|41
2008|Beja|6|263.0|32.5|22.7|32257.1|49186.865934|Total|45969
2008|Beja|6|263.0|32.5|22.7|32257.1|49186.865934|Eolic|5757
2008|Beja|6|263.0|32.5|22.7|32257.1|49186.865934|Geothermal|192
2008|Beja|6|263.0|32.5|22.7|32257.1|49186.865934|Hydric|7298
2008|Beja|6|263.0|32.5|22.7|32257.1|49186.865934|Thermal|32681
2008|Beja|6|263.0|32.5|22.7|32257.1|49186.865934|Photovoltaic|41
2008|Faro|0|296.0|29.0|22.0|32257.1|49186.865934|Total|45969
2008|Faro|0|296.0|29.0|22.0|32257.1|49186.865934|Eolic|5757
2008|Faro|0|296.0|29.0|22.0|32257.1|49186.865934|Geothermal|192
2008|Faro|0|296.0|29.0|22.0|32257.1|49186.865934|Hydric|7298
2008|Faro|0|296.0|29.0|22.0|32257.1|49186.865934|Thermal|32681
2008|Faro|0|296.0|29.0|22.0|32257.1|49186.865934|Photovoltaic|41
2009|Viana do Castelo|0|211.0|24.6|19.1|33097.1|48772.938876|Total|50207
2009|Viana do Castelo|0|211.0|24.6|19.1|33097.1|48772.938876|Eolic|7577
2009|Viana do Castelo|0|211.0|24.6|19.1|33097.1|48772.938876|Geothermal|184
2009|Viana do Castelo|0|211.0|24.6|19.1|33097.1|48772.938876|Hydric|9009
2009|Viana do Castelo|0|211.0|24.6|19.1|33097.1|48772.938876|Thermal|33277
2009|Viana do Castelo|0|211.0|24.6|19.1|33097.1|48772.938876|Photovoltaic|160
2009|Bragança|40|257.0|32.3|19.5|33097.1|48772.938876|Total|50207
2009|Bragança|40|257.0|32.3|19.5|33097.1|48772.938876|Eolic|7577
2009|Bragança|40|257.0|32.3|19.5|33097.1|48772.938876|Geothermal|184
2009|Bragança|40|257.0|32.3|19.5|33097.1|48772.938876|Hydric|9009
2009|Bragança|40|257.0|32.3|19.5|33097.1|48772.938876|Thermal|33277
2009|Bragança|40|257.0|32.3|19.5|33097.1|48772.938876|Photovoltaic|160
2009|Porto|0|189.0|25.2|19.3|33097.1|48772.938876|Total|50207
2009|Porto|0|189.0|25.2|19.3|33097.1|48772.938876|Eolic|7577
2009|Porto|0|189.0|25.2|19.3|33097.1|48772.938876|Geothermal|184
2009|Porto|0|189.0|25.2|19.3|33097.1|48772.938876|Hydric|9009
2009|Porto|0|189.0|25.2|19.3|33097.1|48772.938876|Thermal|33277
2009|Porto|0|189.0|25.2|19.3|33097.1|48772.938876|Photovoltaic|160
2009|Castelo Branco|18|263.0|34.0|22.3|33097.1|48772.938876|Total|50207
2009|Castelo Branco|18|263.0|34.0|22.3|33097.1|48772.938876|Eolic|7577
2009|Castelo Branco|18|263.0|34.0|22.3|33097.1|48772.938876|Geothermal|184
2009|Castelo Branco|18|263.0|34.0|22.3|33097.1|48772.938876|Hydric|9009
2009|Castelo Branco|18|263.0|34.0|22.3|33097.1|48772.938876|Thermal|33277
2009|Castelo Branco|18|263.0|34.0|22.3|33097.1|48772.938876|Photovoltaic|160
2009|Lisboa|22|252.0|29.2|22.0|33097.1|48772.938876|Total|50207
2009|Lisboa|22|252.0|29.2|22.0|33097.1|48772.938876|Eolic|7577
2009|Lisboa|22|252.0|29.2|22.0|33097.1|48772.938876|Geothermal|184
2009|Lisboa|22|252.0|29.2|22.0|33097.1|48772.938876|Hydric|9009
2009|Lisboa|22|252.0|29.2|22.0|33097.1|48772.938876|Thermal|33277
2009|Lisboa|22|252.0|29.2|22.0|33097.1|48772.938876|Photovoltaic|160
2009|Beja|29|260.0|34.7|23.8|33097.1|48772.938876|Total|50207
2009|Beja|29|260.0|34.7|23.8|33097.1|48772.938876|Eolic|7577
2009|Beja|29|260.0|34.7|23.8|33097.1|48772.938876|Geothermal|184
2009|Beja|29|260.0|34.7|23.8|33097.1|48772.938876|Hydric|9009
2009|Beja|29|260.0|34.7|23.8|33097.1|48772.938876|Thermal|33277
2009|Beja|29|260.0|34.7|23.8|33097.1|48772.938876|Photovoltaic|160
2009|Faro|7|294.0|30.0|22.6|33097.1|48772.938876|Total|50207
2009|Faro|7|294.0|30.0|22.6|33097.1|48772.938876|Eolic|7577
2009|Faro|7|294.0|30.0|22.6|33097.1|48772.938876|Geothermal|184
2009|Faro|7|294.0|30.0|22.6|33097.1|48772.938876|Hydric|9009
2009|Faro|7|294.0|30.0|22.6|33097.1|48772.938876|Thermal|33277
2009|Faro|7|294.0|30.0|22.6|33097.1|48772.938876|Photovoltaic|160
2010|Viana do Castelo|0|209.0|26.0|19.1|34088.0|50505.481187|Total|54093
2010|Viana do Castelo|0|209.0|26.0|19.1|34088.0|50505.481187|Eolic|9182
2010|Viana do Castelo|0|209.0|26.0|19.1|34088.0|50505.481187|Geothermal|197
2010|Viana do Castelo|0|209.0|26.0|19.1|34088.0|50505.481187|Hydric|16547
2010|Viana do Castelo|0|209.0|26.0|19.1|34088.0|50505.481187|Thermal|27953
2010|Viana do Castelo|0|209.0|26.0|19.1|34088.0|50505.481187|Photovoltaic|214
2010|Bragança|13|233.0|31.6|18.3|34088.0|50505.481187|Total|54093
2010|Bragança|13|233.0|31.6|18.3|34088.0|50505.481187|Eolic|9182
2010|Bragança|13|233.0|31.6|18.3|34088.0|50505.481187|Geothermal|197
2010|Bragança|13|233.0|31.6|18.3|34088.0|50505.481187|Hydric|16547
2010|Bragança|13|233.0|31.6|18.3|34088.0|50505.481187|Thermal|27953
2010|Bragança|13|233.0|31.6|18.3|34088.0|50505.481187|Photovoltaic|214
2010|Porto|18|215.0|26.9|19.5|34088.0|50505.481187|Total|54093
2010|Porto|18|215.0|26.9|19.5|34088.0|50505.481187|Eolic|9182
2010|Porto|18|215.0|26.9|19.5|34088.0|50505.481187|Geothermal|197
2010|Porto|18|215.0|26.9|19.5|34088.0|50505.481187|Hydric|16547
2010|Porto|18|215.0|26.9|19.5|34088.0|50505.481187|Thermal|27953
2010|Porto|18|215.0|26.9|19.5|34088.0|50505.481187|Photovoltaic|214
2010|Castelo Branco|6|246.0|35.1|21.3|34088.0|50505.481187|Total|54093
2010|Castelo Branco|6|246.0|35.1|21.3|34088.0|50505.481187|Eolic|9182
2010|Castelo Branco|6|246.0|35.1|21.3|34088.0|50505.481187|Geothermal|197
2010|Castelo Branco|6|246.0|35.1|21.3|34088.0|50505.481187|Hydric|16547
2010|Castelo Branco|6|246.0|35.1|21.3|34088.0|50505.481187|Thermal|27953
2010|Castelo Branco|6|246.0|35.1|21.3|34088.0|50505.481187|Photovoltaic|214
2010|Lisboa|13|239.0|31.2|21.9|34088.0|50505.481187|Total|54093
2010|Lisboa|13|239.0|31.2|21.9|34088.0|50505.481187|Eolic|9182
2010|Lisboa|13|239.0|31.2|21.9|34088.0|50505.481187|Geothermal|197
2010|Lisboa|13|239.0|31.2|21.9|34088.0|50505.481187|Hydric|16547
2010|Lisboa|13|239.0|31.2|21.9|34088.0|50505.481187|Thermal|27953
2010|Lisboa|13|239.0|31.2|21.9|34088.0|50505.481187|Photovoltaic|214
2010|Beja|6|239.0|35.8|22.8|34088.0|50505.481187|Total|54093
2010|Beja|6|239.0|35.8|22.8|34088.0|50505.481187|Eolic|9182
2010|Beja|6|239.0|35.8|22.8|34088.0|50505.481187|Geothermal|197
2010|Beja|6|239.0|35.8|22.8|34088.0|50505.481187|Hydric|16547
2010|Beja|6|239.0|35.8|22.8|34088.0|50505.481187|Thermal|27953
2010|Beja|6|239.0|35.8|22.8|34088.0|50505.481187|Photovoltaic|214
2010|Faro|0|263.0|31.0|22.3|34088.0|50505.481187|Total|54093
2010|Faro|0|263.0|31.0|22.3|34088.0|50505.481187|Eolic|9182
2010|Faro|0|263.0|31.0|22.3|34088.0|50505.481187|Geothermal|197
2010|Faro|0|263.0|31.0|22.3|34088.0|50505.481187|Hydric|16547
2010|Faro|0|263.0|31.0|22.3|34088.0|50505.481187|Thermal|27953
2010|Faro|0|263.0|31.0|22.3|34088.0|50505.481187|Photovoltaic|214
2011|Viana do Castelo|8|232.0|23.8|19.8|34066.8|49153.243791|Total|52465
2011|Viana do Castelo|8|232.0|23.8|19.8|34066.8|49153.243791|Eolic|9162
2011|Viana do Castelo|8|232.0|23.8|19.8|34066.8|49153.243791|Geothermal|210
2011|Viana do Castelo|8|232.0|23.8|19.8|34066.8|49153.243791|Hydric|12114
2011|Viana do Castelo|8|232.0|23.8|19.8|34066.8|49153.243791|Thermal|30697
2011|Viana do Castelo|8|232.0|23.8|19.8|34066.8|49153.243791|Photovoltaic|282
2011|Bragança|37|259.0|29.6|19.9|34066.8|49153.243791|Total|52465
2011|Bragança|37|259.0|29.6|19.9|34066.8|49153.243791|Eolic|9162
2011|Bragança|37|259.0|29.6|19.9|34066.8|49153.243791|Geothermal|210
2011|Bragança|37|259.0|29.6|19.9|34066.8|49153.243791|Hydric|12114
2011|Bragança|37|259.0|29.6|19.9|34066.8|49153.243791|Thermal|30697
2011|Bragança|37|259.0|29.6|19.9|34066.8|49153.243791|Photovoltaic|282
2011|Porto|21|245.0|25.1|20.2|34066.8|49153.243791|Total|52465
2011|Porto|21|245.0|25.1|20.2|34066.8|49153.243791|Eolic|9162
2011|Porto|21|245.0|25.1|20.2|34066.8|49153.243791|Geothermal|210
2011|Porto|21|245.0|25.1|20.2|34066.8|49153.243791|Hydric|12114
2011|Porto|21|245.0|25.1|20.2|34066.8|49153.243791|Thermal|30697
2011|Porto|21|245.0|25.1|20.2|34066.8|49153.243791|Photovoltaic|282
2011|Castelo Branco|20|271.0|31.9|22.4|34066.8|49153.243791|Total|52465
2011|Castelo Branco|20|271.0|31.9|22.4|34066.8|49153.243791|Eolic|9162
2011|Castelo Branco|20|271.0|31.9|22.4|34066.8|49153.243791|Geothermal|210
2011|Castelo Branco|20|271.0|31.9|22.4|34066.8|49153.243791|Hydric|12114
2011|Castelo Branco|20|271.0|31.9|22.4|34066.8|49153.243791|Thermal|30697
2011|Castelo Branco|20|271.0|31.9|22.4|34066.8|49153.243791|Photovoltaic|282
2011|Lisboa|14|268.0|28.0|22.5|34066.8|49153.243791|Total|52465
2011|Lisboa|14|268.0|28.0|22.5|34066.8|49153.243791|Eolic|9162
2011|Lisboa|14|268.0|28.0|22.5|34066.8|49153.243791|Geothermal|210
2011|Lisboa|14|268.0|28.0|22.5|34066.8|49153.243791|Hydric|12114
2011|Lisboa|14|268.0|28.0|22.5|34066.8|49153.243791|Thermal|30697
2011|Lisboa|14|268.0|28.0|22.5|34066.8|49153.243791|Photovoltaic|282
2011|Beja|29|252.0|32.1|23.4|34066.8|49153.243791|Total|52465
2011|Beja|29|252.0|32.1|23.4|34066.8|49153.243791|Eolic|9162
2011|Beja|29|252.0|32.1|23.4|34066.8|49153.243791|Geothermal|210
2011|Beja|29|252.0|32.1|23.4|34066.8|49153.243791|Hydric|12114
2011|Beja|29|252.0|32.1|23.4|34066.8|49153.243791|Thermal|30697
2011|Beja|29|252.0|32.1|23.4|34066.8|49153.243791|Photovoltaic|282
2011|Faro|0|292.0|29.5|22.9|34066.8|49153.243791|Total|52465
2011|Faro|0|292.0|29.5|22.9|34066.8|49153.243791|Eolic|9162
2011|Faro|0|292.0|29.5|22.9|34066.8|49153.243791|Geothermal|210
2011|Faro|0|292.0|29.5|22.9|34066.8|49153.243791|Hydric|12114
2011|Faro|0|292.0|29.5|22.9|34066.8|49153.243791|Thermal|30697
2011|Faro|0|292.0|29.5|22.9|34066.8|49153.243791|Photovoltaic|282
2015|Viana do Castelo|0|212.0|24.2|19.5|36242.6|46852.996022|Total|52424
2015|Viana do Castelo|0|212.0|24.2|19.5|36242.6|46852.996022|Eolic|11608
2015|Viana do Castelo|0|212.0|24.2|19.5|36242.6|46852.996022|Geothermal|204
2015|Viana do Castelo|0|212.0|24.2|19.5|36242.6|46852.996022|Hydric|9800
2015|Viana do Castelo|0|212.0|24.2|19.5|36242.6|46852.996022|Thermal|30014
2015|Viana do Castelo|0|212.0|24.2|19.5|36242.6|46852.996022|Photovoltaic|799
2015|Bragança|40|256.0|32.2|19.5|36242.6|46852.996022|Total|52424
2015|Bragança|40|256.0|32.2|19.5|36242.6|46852.996022|Eolic|11608
2015|Bragança|40|256.0|32.2|19.5|36242.6|46852.996022|Geothermal|204
2015|Bragança|40|256.0|32.2|19.5|36242.6|46852.996022|Hydric|9800
2015|Bragança|40|256.0|32.2|19.5|36242.6|46852.996022|Thermal|30014
2015|Bragança|40|256.0|32.2|19.5|36242.6|46852.996022|Photovoltaic|799
2015|Porto|13|241.0|24.2|19.6|36242.6|46852.996022|Total|52424
2015|Porto|13|241.0|24.2|19.6|36242.6|46852.996022|Eolic|11608
2015|Porto|13|241.0|24.2|19.6|36242.6|46852.996022|Geothermal|204
2015|Porto|13|241.0|24.2|19.6|36242.6|46852.996022|Hydric|9800
2015|Porto|13|241.0|24.2|19.6|36242.6|46852.996022|Thermal|30014
2015|Porto|13|241.0|24.2|19.6|36242.6|46852.996022|Photovoltaic|799
2015|Castelo Branco|26|279.0|35.2|22.8|36242.6|46852.996022|Total|52424
2015|Castelo Branco|26|279.0|35.2|22.8|36242.6|46852.996022|Eolic|11608
2015|Castelo Branco|26|279.0|35.2|22.8|36242.6|46852.996022|Geothermal|204
2015|Castelo Branco|26|279.0|35.2|22.8|36242.6|46852.996022|Hydric|9800
2015|Castelo Branco|26|279.0|35.2|22.8|36242.6|46852.996022|Thermal|30014
2015|Castelo Branco|26|279.0|35.2|22.8|36242.6|46852.996022|Photovoltaic|799
2015|Lisboa|14|276.0|29.2|22.4|36242.6|46852.996022|Total|52424
2015|Lisboa|14|276.0|29.2|22.4|36242.6|46852.996022|Eolic|11608
2015|Lisboa|14|276.0|29.2|22.4|36242.6|46852.996022|Geothermal|204
2015|Lisboa|14|276.0|29.2|22.4|36242.6|46852.996022|Hydric|9800
2015|Lisboa|14|276.0|29.2|22.4|36242.6|46852.996022|Thermal|30014
2015|Lisboa|14|276.0|29.2|22.4|36242.6|46852.996022|Photovoltaic|799
2015|Beja|55|263.0|33.8|24.1|36242.6|46852.996022|Total|52424
2015|Beja|55|263.0|33.8|24.1|36242.6|46852.996022|Eolic|11608
2015|Beja|55|263.0|33.8|24.1|36242.6|46852.996022|Geothermal|204
2015|Beja|55|263.0|33.8|24.1|36242.6|46852.996022|Hydric|9800
2015|Beja|55|263.0|33.8|24.1|36242.6|46852.996022|Thermal|30014
2015|Beja|55|263.0|33.8|24.1|36242.6|46852.996022|Photovoltaic|799
2015|Faro|6|312.0|31.1|22.8|36242.6|46852.996022|Total|52424
2015|Faro|6|312.0|31.1|22.8|36242.6|46852.996022|Eolic|11608
2015|Faro|6|312.0|31.1|22.8|36242.6|46852.996022|Geothermal|204
2015|Faro|6|312.0|31.1|22.8|36242.6|46852.996022|Hydric|9800
2015|Faro|6|312.0|31.1|22.8|36242.6|46852.996022|Thermal|30014
2015|Faro|6|312.0|31.1|22.8|36242.6|46852.996022|Photovoltaic|799
2016|Viana do Castelo|0|212.0|26.7|19.3|36703.8|47326.732798|Total|60279
2016|Viana do Castelo|0|212.0|26.7|19.3|36703.8|47326.732798|Eolic|12474
2016|Viana do Castelo|0|212.0|26.7|19.3|36703.8|47326.732798|Geothermal|172
2016|Viana do Castelo|0|212.0|26.7|19.3|36703.8|47326.732798|Hydric|16909
2016|Viana do Castelo|0|212.0|26.7|19.3|36703.8|47326.732798|Thermal|29902
2016|Viana do Castelo|0|212.0|26.7|19.3|36703.8|47326.732798|Photovoltaic|822
2016|Bragança|19|228.0|32.3|19.3|36703.8|47326.732798|Total|60279
2016|Bragança|19|228.0|32.3|19.3|36703.8|47326.732798|Eolic|12474
2016|Bragança|19|228.0|32.3|19.3|36703.8|47326.732798|Geothermal|172
2016|Bragança|19|228.0|32.3|19.3|36703.8|47326.732798|Hydric|16909
2016|Bragança|19|228.0|32.3|19.3|36703.8|47326.732798|Thermal|29902
2016|Bragança|19|228.0|32.3|19.3|36703.8|47326.732798|Photovoltaic|822
2016|Porto|6|218.0|26.5|19.5|36703.8|47326.732798|Total|60279
2016|Porto|6|218.0|26.5|19.5|36703.8|47326.732798|Eolic|12474
2016|Porto|6|218.0|26.5|19.5|36703.8|47326.732798|Geothermal|172
2016|Porto|6|218.0|26.5|19.5|36703.8|47326.732798|Hydric|16909
2016|Porto|6|218.0|26.5|19.5|36703.8|47326.732798|Thermal|29902
2016|Porto|6|218.0|26.5|19.5|36703.8|47326.732798|Photovoltaic|822
2016|Castelo Branco|7|253.0|35.1|22.1|36703.8|47326.732798|Total|60279
2016|Castelo Branco|7|253.0|35.1|22.1|36703.8|47326.732798|Eolic|12474
2016|Castelo Branco|7|253.0|35.1|22.1|36703.8|47326.732798|Geothermal|172
2016|Castelo Branco|7|253.0|35.1|22.1|36703.8|47326.732798|Hydric|16909
2016|Castelo Branco|7|253.0|35.1|22.1|36703.8|47326.732798|Thermal|29902
2016|Castelo Branco|7|253.0|35.1|22.1|36703.8|47326.732798|Photovoltaic|822
2016|Lisboa|8|245.0|31.8|22.5|36703.8|47326.732798|Total|60279
2016|Lisboa|8|245.0|31.8|22.5|36703.8|47326.732798|Eolic|12474
2016|Lisboa|8|245.0|31.8|22.5|36703.8|47326.732798|Geothermal|172
2016|Lisboa|8|245.0|31.8|22.5|36703.8|47326.732798|Hydric|16909
2016|Lisboa|8|245.0|31.8|22.5|36703.8|47326.732798|Thermal|29902
2016|Lisboa|8|245.0|31.8|22.5|36703.8|47326.732798|Photovoltaic|822
2016|Beja|0|244.0|35.9|23.7|36703.8|47326.732798|Total|60279
2016|Beja|0|244.0|35.9|23.7|36703.8|47326.732798|Eolic|12474
2016|Beja|0|244.0|35.9|23.7|36703.8|47326.732798|Geothermal|172
2016|Beja|0|244.0|35.9|23.7|36703.8|47326.732798|Hydric|16909
2016|Beja|0|244.0|35.9|23.7|36703.8|47326.732798|Thermal|29902
2016|Beja|0|244.0|35.9|23.7|36703.8|47326.732798|Photovoltaic|822
2016|Faro|0|283.0|31.2|22.9|36703.8|47326.732798|Total|60279
2016|Faro|0|283.0|31.2|22.9|36703.8|47326.732798|Eolic|12474
2016|Faro|0|283.0|31.2|22.9|36703.8|47326.732798|Geothermal|172
2016|Faro|0|283.0|31.2|22.9|36703.8|47326.732798|Hydric|16909
2016|Faro|0|283.0|31.2|22.9|36703.8|47326.732798|Thermal|29902
2016|Faro|0|283.0|31.2|22.9|36703.8|47326.732798|Photovoltaic|822
