Year|City|Drought|max_avg_temp_month|max_avg_temp|Days with Heat Waves|Energy Consumption (GWh)|Production Source|Energy Production (GWh)|Produtividade aparente do trabalho
1995|Viana do Castelo|227.0|28.6|21.0|31.0|29237.207072|Total|33264.0|18177.0
1995|Viana do Castelo|227.0|28.6|21.0|31.0|29237.207072|Eolic|16.0|18177.0
1995|Viana do Castelo|227.0|28.6|21.0|31.0|29237.207072|Geothermal|42.0|18177.0
1995|Viana do Castelo|227.0|28.6|21.0|31.0|29237.207072|Hydric|8454.0|18177.0
1995|Viana do Castelo|227.0|28.6|21.0|31.0|29237.207072|Thermal|24751.0|18177.0
1995|Viana do Castelo|227.0|28.6|21.0|31.0|29237.207072|Photovoltaic|1.0|18177.0
1995|Bragança|236.0|30.0|19.5|41.0|29237.207072|Total|33264.0|18177.0
1995|Bragança|236.0|30.0|19.5|41.0|29237.207072|Eolic|16.0|18177.0
1995|Bragança|236.0|30.0|19.5|41.0|29237.207072|Geothermal|42.0|18177.0
1995|Bragança|236.0|30.0|19.5|41.0|29237.207072|Hydric|8454.0|18177.0
1995|Bragança|236.0|30.0|19.5|41.0|29237.207072|Thermal|24751.0|18177.0
1995|Bragança|236.0|30.0|19.5|41.0|29237.207072|Photovoltaic|1.0|18177.0
1995|Porto|205.0|27.1|19.9|21.0|29237.207072|Total|33264.0|18177.0
1995|Porto|205.0|27.1|19.9|21.0|29237.207072|Eolic|16.0|18177.0
1995|Porto|205.0|27.1|19.9|21.0|29237.207072|Geothermal|42.0|18177.0
1995|Porto|205.0|27.1|19.9|21.0|29237.207072|Hydric|8454.0|18177.0
1995|Porto|205.0|27.1|19.9|21.0|29237.207072|Thermal|24751.0|18177.0
1995|Porto|205.0|27.1|19.9|21.0|29237.207072|Photovoltaic|1.0|18177.0
1995|Castelo Branco|251.0|32.6|21.9|13.0|29237.207072|Total|33264.0|18177.0
1995|Castelo Branco|251.0|32.6|21.9|13.0|29237.207072|Eolic|16.0|18177.0
1995|Castelo Branco|251.0|32.6|21.9|13.0|29237.207072|Geothermal|42.0|18177.0
1995|Castelo Branco|251.0|32.6|21.9|13.0|29237.207072|Hydric|8454.0|18177.0
1995|Castelo Branco|251.0|32.6|21.9|13.0|29237.207072|Thermal|24751.0|18177.0
1995|Castelo Branco|251.0|32.6|21.9|13.0|29237.207072|Photovoltaic|1.0|18177.0
1995|Lisboa|261.0|29.5|22.1|14.0|29237.207072|Total|33264.0|18177.0
1995|Lisboa|261.0|29.5|22.1|14.0|29237.207072|Eolic|16.0|18177.0
1995|Lisboa|261.0|29.5|22.1|14.0|29237.207072|Geothermal|42.0|18177.0
1995|Lisboa|261.0|29.5|22.1|14.0|29237.207072|Hydric|8454.0|18177.0
1995|Lisboa|261.0|29.5|22.1|14.0|29237.207072|Thermal|24751.0|18177.0
1995|Lisboa|261.0|29.5|22.1|14.0|29237.207072|Photovoltaic|1.0|18177.0
1995|Beja|286.0|34.3|24.1|27.0|29237.207072|Total|33264.0|18177.0
1995|Beja|286.0|34.3|24.1|27.0|29237.207072|Eolic|16.0|18177.0
1995|Beja|286.0|34.3|24.1|27.0|29237.207072|Geothermal|42.0|18177.0
1995|Beja|286.0|34.3|24.1|27.0|29237.207072|Hydric|8454.0|18177.0
1995|Beja|286.0|34.3|24.1|27.0|29237.207072|Thermal|24751.0|18177.0
1995|Beja|286.0|34.3|24.1|27.0|29237.207072|Photovoltaic|1.0|18177.0
1995|Faro|282.0|29.7|23.1|0.0|29237.207072|Total|33264.0|18177.0
1995|Faro|282.0|29.7|23.1|0.0|29237.207072|Eolic|16.0|18177.0
1995|Faro|282.0|29.7|23.1|0.0|29237.207072|Geothermal|42.0|18177.0
1995|Faro|282.0|29.7|23.1|0.0|29237.207072|Hydric|8454.0|18177.0
1995|Faro|282.0|29.7|23.1|0.0|29237.207072|Thermal|24751.0|18177.0
1995|Faro|282.0|29.7|23.1|0.0|29237.207072|Photovoltaic|1.0|18177.0
1996|Viana do Castelo|202.0|26.7|19.9|6.0|30793.680351|Total|34520.0|18879.4
1996|Viana do Castelo|202.0|26.7|19.9|6.0|30793.680351|Eolic|21.0|18879.4
1996|Viana do Castelo|202.0|26.7|19.9|6.0|30793.680351|Geothermal|49.0|18879.4
1996|Viana do Castelo|202.0|26.7|19.9|6.0|30793.680351|Hydric|14857.0|18879.4
1996|Viana do Castelo|202.0|26.7|19.9|6.0|30793.680351|Thermal|19592.0|18879.4
1996|Viana do Castelo|202.0|26.7|19.9|6.0|30793.680351|Photovoltaic|1.0|18879.4
1996|Bragança|220.0|29.5|18.1|22.0|30793.680351|Total|34520.0|18879.4
1996|Bragança|220.0|29.5|18.1|22.0|30793.680351|Eolic|21.0|18879.4
1996|Bragança|220.0|29.5|18.1|22.0|30793.680351|Geothermal|49.0|18879.4
1996|Bragança|220.0|29.5|18.1|22.0|30793.680351|Hydric|14857.0|18879.4
1996|Bragança|220.0|29.5|18.1|22.0|30793.680351|Thermal|19592.0|18879.4
1996|Bragança|220.0|29.5|18.1|22.0|30793.680351|Photovoltaic|1.0|18879.4
1996|Porto|202.0|24.5|18.5|0.0|30793.680351|Total|34520.0|18879.4
1996|Porto|202.0|24.5|18.5|0.0|30793.680351|Eolic|21.0|18879.4
1996|Porto|202.0|24.5|18.5|0.0|30793.680351|Geothermal|49.0|18879.4
1996|Porto|202.0|24.5|18.5|0.0|30793.680351|Hydric|14857.0|18879.4
1996|Porto|202.0|24.5|18.5|0.0|30793.680351|Thermal|19592.0|18879.4
1996|Porto|202.0|24.5|18.5|0.0|30793.680351|Photovoltaic|1.0|18879.4
1996|Castelo Branco|231.0|32.2|20.5|6.0|30793.680351|Total|34520.0|18879.4
1996|Castelo Branco|231.0|32.2|20.5|6.0|30793.680351|Eolic|21.0|18879.4
1996|Castelo Branco|231.0|32.2|20.5|6.0|30793.680351|Geothermal|49.0|18879.4
1996|Castelo Branco|231.0|32.2|20.5|6.0|30793.680351|Hydric|14857.0|18879.4
1996|Castelo Branco|231.0|32.2|20.5|6.0|30793.680351|Thermal|19592.0|18879.4
1996|Castelo Branco|231.0|32.2|20.5|6.0|30793.680351|Photovoltaic|1.0|18879.4
1996|Lisboa|233.0|28.2|21.0|0.0|30793.680351|Total|34520.0|18879.4
1996|Lisboa|233.0|28.2|21.0|0.0|30793.680351|Eolic|21.0|18879.4
1996|Lisboa|233.0|28.2|21.0|0.0|30793.680351|Geothermal|49.0|18879.4
1996|Lisboa|233.0|28.2|21.0|0.0|30793.680351|Hydric|14857.0|18879.4
1996|Lisboa|233.0|28.2|21.0|0.0|30793.680351|Thermal|19592.0|18879.4
1996|Lisboa|233.0|28.2|21.0|0.0|30793.680351|Photovoltaic|1.0|18879.4
1996|Beja|235.0|33.8|22.6|7.0|30793.680351|Total|34520.0|18879.4
1996|Beja|235.0|33.8|22.6|7.0|30793.680351|Eolic|21.0|18879.4
1996|Beja|235.0|33.8|22.6|7.0|30793.680351|Geothermal|49.0|18879.4
1996|Beja|235.0|33.8|22.6|7.0|30793.680351|Hydric|14857.0|18879.4
1996|Beja|235.0|33.8|22.6|7.0|30793.680351|Thermal|19592.0|18879.4
1996|Beja|235.0|33.8|22.6|7.0|30793.680351|Photovoltaic|1.0|18879.4
1996|Faro|255.0|29.1|21.7|0.0|30793.680351|Total|34520.0|18879.4
1996|Faro|255.0|29.1|21.7|0.0|30793.680351|Eolic|21.0|18879.4
1996|Faro|255.0|29.1|21.7|0.0|30793.680351|Geothermal|49.0|18879.4
1996|Faro|255.0|29.1|21.7|0.0|30793.680351|Hydric|14857.0|18879.4
1996|Faro|255.0|29.1|21.7|0.0|30793.680351|Thermal|19592.0|18879.4
1996|Faro|255.0|29.1|21.7|0.0|30793.680351|Photovoltaic|1.0|18879.4
1997|Viana do Castelo|201.0|27.5|21.3|40.0|32438.177021|Total|34207.0|19967.8
1997|Viana do Castelo|201.0|27.5|21.3|40.0|32438.177021|Eolic|38.0|19967.8
1997|Viana do Castelo|201.0|27.5|21.3|40.0|32438.177021|Geothermal|51.0|19967.8
1997|Viana do Castelo|201.0|27.5|21.3|40.0|32438.177021|Hydric|13175.0|19967.8
1997|Viana do Castelo|201.0|27.5|21.3|40.0|32438.177021|Thermal|20942.0|19967.8
1997|Viana do Castelo|201.0|27.5|21.3|40.0|32438.177021|Photovoltaic|1.0|19967.8
1997|Bragança|224.0|29.1|19.0|50.0|32438.177021|Total|34207.0|19967.8
1997|Bragança|224.0|29.1|19.0|50.0|32438.177021|Eolic|38.0|19967.8
1997|Bragança|224.0|29.1|19.0|50.0|32438.177021|Geothermal|51.0|19967.8
1997|Bragança|224.0|29.1|19.0|50.0|32438.177021|Hydric|13175.0|19967.8
1997|Bragança|224.0|29.1|19.0|50.0|32438.177021|Thermal|20942.0|19967.8
1997|Bragança|224.0|29.1|19.0|50.0|32438.177021|Photovoltaic|1.0|19967.8
1997|Porto|209.0|25.0|19.9|6.0|32438.177021|Total|34207.0|19967.8
1997|Porto|209.0|25.0|19.9|6.0|32438.177021|Eolic|38.0|19967.8
1997|Porto|209.0|25.0|19.9|6.0|32438.177021|Geothermal|51.0|19967.8
1997|Porto|209.0|25.0|19.9|6.0|32438.177021|Hydric|13175.0|19967.8
1997|Porto|209.0|25.0|19.9|6.0|32438.177021|Thermal|20942.0|19967.8
1997|Porto|209.0|25.0|19.9|6.0|32438.177021|Photovoltaic|1.0|19967.8
1997|Castelo Branco|242.0|30.7|21.4|33.0|32438.177021|Total|34207.0|19967.8
1997|Castelo Branco|242.0|30.7|21.4|33.0|32438.177021|Eolic|38.0|19967.8
1997|Castelo Branco|242.0|30.7|21.4|33.0|32438.177021|Geothermal|51.0|19967.8
1997|Castelo Branco|242.0|30.7|21.4|33.0|32438.177021|Hydric|13175.0|19967.8
1997|Castelo Branco|242.0|30.7|21.4|33.0|32438.177021|Thermal|20942.0|19967.8
1997|Castelo Branco|242.0|30.7|21.4|33.0|32438.177021|Photovoltaic|1.0|19967.8
1997|Lisboa|243.0|27.8|21.9|9.0|32438.177021|Total|34207.0|19967.8
1997|Lisboa|243.0|27.8|21.9|9.0|32438.177021|Eolic|38.0|19967.8
1997|Lisboa|243.0|27.8|21.9|9.0|32438.177021|Geothermal|51.0|19967.8
1997|Lisboa|243.0|27.8|21.9|9.0|32438.177021|Hydric|13175.0|19967.8
1997|Lisboa|243.0|27.8|21.9|9.0|32438.177021|Thermal|20942.0|19967.8
1997|Lisboa|243.0|27.8|21.9|9.0|32438.177021|Photovoltaic|1.0|19967.8
1997|Beja|253.0|31.9|23.3|34.0|32438.177021|Total|34207.0|19967.8
1997|Beja|253.0|31.9|23.3|34.0|32438.177021|Eolic|38.0|19967.8
1997|Beja|253.0|31.9|23.3|34.0|32438.177021|Geothermal|51.0|19967.8
1997|Beja|253.0|31.9|23.3|34.0|32438.177021|Hydric|13175.0|19967.8
1997|Beja|253.0|31.9|23.3|34.0|32438.177021|Thermal|20942.0|19967.8
1997|Beja|253.0|31.9|23.3|34.0|32438.177021|Photovoltaic|1.0|19967.8
1997|Faro|269.0|28.1|22.6|0.0|32438.177021|Total|34207.0|19967.8
1997|Faro|269.0|28.1|22.6|0.0|32438.177021|Eolic|38.0|19967.8
1997|Faro|269.0|28.1|22.6|0.0|32438.177021|Geothermal|51.0|19967.8
1997|Faro|269.0|28.1|22.6|0.0|32438.177021|Hydric|13175.0|19967.8
1997|Faro|269.0|28.1|22.6|0.0|32438.177021|Thermal|20942.0|19967.8
1997|Faro|269.0|28.1|22.6|0.0|32438.177021|Photovoltaic|1.0|19967.8
1998|Viana do Castelo|217.0|28.3|20.5|16.0|34410.979269|Total|38984.0|20877.2
1998|Viana do Castelo|217.0|28.3|20.5|16.0|34410.979269|Eolic|89.0|20877.2
1998|Viana do Castelo|217.0|28.3|20.5|16.0|34410.979269|Geothermal|58.0|20877.2
1998|Viana do Castelo|217.0|28.3|20.5|16.0|34410.979269|Hydric|13054.0|20877.2
1998|Viana do Castelo|217.0|28.3|20.5|16.0|34410.979269|Thermal|25782.0|20877.2
1998|Viana do Castelo|217.0|28.3|20.5|16.0|34410.979269|Photovoltaic|1.0|20877.2
1998|Bragança|241.0|32.3|19.0|28.0|34410.979269|Total|38984.0|20877.2
1998|Bragança|241.0|32.3|19.0|28.0|34410.979269|Eolic|89.0|20877.2
1998|Bragança|241.0|32.3|19.0|28.0|34410.979269|Geothermal|58.0|20877.2
1998|Bragança|241.0|32.3|19.0|28.0|34410.979269|Hydric|13054.0|20877.2
1998|Bragança|241.0|32.3|19.0|28.0|34410.979269|Thermal|25782.0|20877.2
1998|Bragança|241.0|32.3|19.0|28.0|34410.979269|Photovoltaic|1.0|20877.2
1998|Porto|232.0|25.2|19.0|7.0|34410.979269|Total|38984.0|20877.2
1998|Porto|232.0|25.2|19.0|7.0|34410.979269|Eolic|89.0|20877.2
1998|Porto|232.0|25.2|19.0|7.0|34410.979269|Geothermal|58.0|20877.2
1998|Porto|232.0|25.2|19.0|7.0|34410.979269|Hydric|13054.0|20877.2
1998|Porto|232.0|25.2|19.0|7.0|34410.979269|Thermal|25782.0|20877.2
1998|Porto|232.0|25.2|19.0|7.0|34410.979269|Photovoltaic|1.0|20877.2
1998|Castelo Branco|268.0|34.0|21.5|6.0|34410.979269|Total|38984.0|20877.2
1998|Castelo Branco|268.0|34.0|21.5|6.0|34410.979269|Eolic|89.0|20877.2
1998|Castelo Branco|268.0|34.0|21.5|6.0|34410.979269|Geothermal|58.0|20877.2
1998|Castelo Branco|268.0|34.0|21.5|6.0|34410.979269|Hydric|13054.0|20877.2
1998|Castelo Branco|268.0|34.0|21.5|6.0|34410.979269|Thermal|25782.0|20877.2
1998|Castelo Branco|268.0|34.0|21.5|6.0|34410.979269|Photovoltaic|1.0|20877.2
1998|Lisboa|268.0|28.4|21.4|0.0|34410.979269|Total|38984.0|20877.2
1998|Lisboa|268.0|28.4|21.4|0.0|34410.979269|Eolic|89.0|20877.2
1998|Lisboa|268.0|28.4|21.4|0.0|34410.979269|Geothermal|58.0|20877.2
1998|Lisboa|268.0|28.4|21.4|0.0|34410.979269|Hydric|13054.0|20877.2
1998|Lisboa|268.0|28.4|21.4|0.0|34410.979269|Thermal|25782.0|20877.2
1998|Lisboa|268.0|28.4|21.4|0.0|34410.979269|Photovoltaic|1.0|20877.2
1998|Beja|289.0|34.4|23.4|12.0|34410.979269|Total|38984.0|20877.2
1998|Beja|289.0|34.4|23.4|12.0|34410.979269|Eolic|89.0|20877.2
1998|Beja|289.0|34.4|23.4|12.0|34410.979269|Geothermal|58.0|20877.2
1998|Beja|289.0|34.4|23.4|12.0|34410.979269|Hydric|13054.0|20877.2
1998|Beja|289.0|34.4|23.4|12.0|34410.979269|Thermal|25782.0|20877.2
1998|Beja|289.0|34.4|23.4|12.0|34410.979269|Photovoltaic|1.0|20877.2
1998|Faro|295.0|29.3|22.3|0.0|34410.979269|Total|38984.0|20877.2
1998|Faro|295.0|29.3|22.3|0.0|34410.979269|Eolic|89.0|20877.2
1998|Faro|295.0|29.3|22.3|0.0|34410.979269|Geothermal|58.0|20877.2
1998|Faro|295.0|29.3|22.3|0.0|34410.979269|Hydric|13054.0|20877.2
1998|Faro|295.0|29.3|22.3|0.0|34410.979269|Thermal|25782.0|20877.2
1998|Faro|295.0|29.3|22.3|0.0|34410.979269|Photovoltaic|1.0|20877.2
1999|Viana do Castelo|206.0|27.5|20.0|19.0|36741.116273|Total|43287.0|21996.7
1999|Viana do Castelo|206.0|27.5|20.0|19.0|36741.116273|Eolic|123.0|21996.7
1999|Viana do Castelo|206.0|27.5|20.0|19.0|36741.116273|Geothermal|80.0|21996.7
1999|Viana do Castelo|206.0|27.5|20.0|19.0|36741.116273|Hydric|7631.0|21996.7
1999|Viana do Castelo|206.0|27.5|20.0|19.0|36741.116273|Thermal|35452.0|21996.7
1999|Viana do Castelo|206.0|27.5|20.0|19.0|36741.116273|Photovoltaic|1.0|21996.7
1999|Bragança|238.0|30.7|18.3|15.0|36741.116273|Total|43287.0|21996.7
1999|Bragança|238.0|30.7|18.3|15.0|36741.116273|Eolic|123.0|21996.7
1999|Bragança|238.0|30.7|18.3|15.0|36741.116273|Geothermal|80.0|21996.7
1999|Bragança|238.0|30.7|18.3|15.0|36741.116273|Hydric|7631.0|21996.7
1999|Bragança|238.0|30.7|18.3|15.0|36741.116273|Thermal|35452.0|21996.7
1999|Bragança|238.0|30.7|18.3|15.0|36741.116273|Photovoltaic|1.0|21996.7
1999|Porto|220.0|24.7|19.0|6.0|36741.116273|Total|43287.0|21996.7
1999|Porto|220.0|24.7|19.0|6.0|36741.116273|Eolic|123.0|21996.7
1999|Porto|220.0|24.7|19.0|6.0|36741.116273|Geothermal|80.0|21996.7
1999|Porto|220.0|24.7|19.0|6.0|36741.116273|Hydric|7631.0|21996.7
1999|Porto|220.0|24.7|19.0|6.0|36741.116273|Thermal|35452.0|21996.7
1999|Porto|220.0|24.7|19.0|6.0|36741.116273|Photovoltaic|1.0|21996.7
1999|Castelo Branco|242.0|33.1|20.9|15.0|36741.116273|Total|43287.0|21996.7
1999|Castelo Branco|242.0|33.1|20.9|15.0|36741.116273|Eolic|123.0|21996.7
1999|Castelo Branco|242.0|33.1|20.9|15.0|36741.116273|Geothermal|80.0|21996.7
1999|Castelo Branco|242.0|33.1|20.9|15.0|36741.116273|Hydric|7631.0|21996.7
1999|Castelo Branco|242.0|33.1|20.9|15.0|36741.116273|Thermal|35452.0|21996.7
1999|Castelo Branco|242.0|33.1|20.9|15.0|36741.116273|Photovoltaic|1.0|21996.7
1999|Lisboa|260.0|28.3|20.9|9.0|36741.116273|Total|43287.0|21996.7
1999|Lisboa|260.0|28.3|20.9|9.0|36741.116273|Eolic|123.0|21996.7
1999|Lisboa|260.0|28.3|20.9|9.0|36741.116273|Geothermal|80.0|21996.7
1999|Lisboa|260.0|28.3|20.9|9.0|36741.116273|Hydric|7631.0|21996.7
1999|Lisboa|260.0|28.3|20.9|9.0|36741.116273|Thermal|35452.0|21996.7
1999|Lisboa|260.0|28.3|20.9|9.0|36741.116273|Photovoltaic|1.0|21996.7
1999|Beja|285.0|33.7|22.8|10.0|36741.116273|Total|43287.0|21996.7
1999|Beja|285.0|33.7|22.8|10.0|36741.116273|Eolic|123.0|21996.7
1999|Beja|285.0|33.7|22.8|10.0|36741.116273|Geothermal|80.0|21996.7
1999|Beja|285.0|33.7|22.8|10.0|36741.116273|Hydric|7631.0|21996.7
1999|Beja|285.0|33.7|22.8|10.0|36741.116273|Thermal|35452.0|21996.7
1999|Beja|285.0|33.7|22.8|10.0|36741.116273|Photovoltaic|1.0|21996.7
1999|Faro|299.0|28.0|21.8|6.0|36741.116273|Total|43287.0|21996.7
1999|Faro|299.0|28.0|21.8|6.0|36741.116273|Eolic|123.0|21996.7
1999|Faro|299.0|28.0|21.8|6.0|36741.116273|Geothermal|80.0|21996.7
1999|Faro|299.0|28.0|21.8|6.0|36741.116273|Hydric|7631.0|21996.7
1999|Faro|299.0|28.0|21.8|6.0|36741.116273|Thermal|35452.0|21996.7
1999|Faro|299.0|28.0|21.8|6.0|36741.116273|Photovoltaic|1.0|21996.7
2000|Viana do Castelo|186.0|26.0|19.9|12.0|38939.46907|Total|43764.0|23142.6
2000|Viana do Castelo|186.0|26.0|19.9|12.0|38939.46907|Eolic|168.0|23142.6
2000|Viana do Castelo|186.0|26.0|19.9|12.0|38939.46907|Geothermal|80.0|23142.6
2000|Viana do Castelo|186.0|26.0|19.9|12.0|38939.46907|Hydric|11715.0|23142.6
2000|Viana do Castelo|186.0|26.0|19.9|12.0|38939.46907|Thermal|31800.0|23142.6
2000|Viana do Castelo|186.0|26.0|19.9|12.0|38939.46907|Photovoltaic|1.0|23142.6
2000|Bragança|228.0|28.5|18.4|21.0|38939.46907|Total|43764.0|23142.6
2000|Bragança|228.0|28.5|18.4|21.0|38939.46907|Eolic|168.0|23142.6
2000|Bragança|228.0|28.5|18.4|21.0|38939.46907|Geothermal|80.0|23142.6
2000|Bragança|228.0|28.5|18.4|21.0|38939.46907|Hydric|11715.0|23142.6
2000|Bragança|228.0|28.5|18.4|21.0|38939.46907|Thermal|31800.0|23142.6
2000|Bragança|228.0|28.5|18.4|21.0|38939.46907|Photovoltaic|1.0|23142.6
2000|Porto|191.0|24.1|18.8|12.0|38939.46907|Total|43764.0|23142.6
2000|Porto|191.0|24.1|18.8|12.0|38939.46907|Eolic|168.0|23142.6
2000|Porto|191.0|24.1|18.8|12.0|38939.46907|Geothermal|80.0|23142.6
2000|Porto|191.0|24.1|18.8|12.0|38939.46907|Hydric|11715.0|23142.6
2000|Porto|191.0|24.1|18.8|12.0|38939.46907|Thermal|31800.0|23142.6
2000|Porto|191.0|24.1|18.8|12.0|38939.46907|Photovoltaic|1.0|23142.6
2000|Castelo Branco|234.0|31.2|20.9|8.0|38939.46907|Total|43764.0|23142.6
2000|Castelo Branco|234.0|31.2|20.9|8.0|38939.46907|Eolic|168.0|23142.6
2000|Castelo Branco|234.0|31.2|20.9|8.0|38939.46907|Geothermal|80.0|23142.6
2000|Castelo Branco|234.0|31.2|20.9|8.0|38939.46907|Hydric|11715.0|23142.6
2000|Castelo Branco|234.0|31.2|20.9|8.0|38939.46907|Thermal|31800.0|23142.6
2000|Castelo Branco|234.0|31.2|20.9|8.0|38939.46907|Photovoltaic|1.0|23142.6
2000|Lisboa|257.0|28.6|21.3|6.0|38939.46907|Total|43764.0|23142.6
2000|Lisboa|257.0|28.6|21.3|6.0|38939.46907|Eolic|168.0|23142.6
2000|Lisboa|257.0|28.6|21.3|6.0|38939.46907|Geothermal|80.0|23142.6
2000|Lisboa|257.0|28.6|21.3|6.0|38939.46907|Hydric|11715.0|23142.6
2000|Lisboa|257.0|28.6|21.3|6.0|38939.46907|Thermal|31800.0|23142.6
2000|Lisboa|257.0|28.6|21.3|6.0|38939.46907|Photovoltaic|1.0|23142.6
2000|Beja|274.0|33.2|22.8|0.0|38939.46907|Total|43764.0|23142.6
2000|Beja|274.0|33.2|22.8|0.0|38939.46907|Eolic|168.0|23142.6
2000|Beja|274.0|33.2|22.8|0.0|38939.46907|Geothermal|80.0|23142.6
2000|Beja|274.0|33.2|22.8|0.0|38939.46907|Hydric|11715.0|23142.6
2000|Beja|274.0|33.2|22.8|0.0|38939.46907|Thermal|31800.0|23142.6
2000|Beja|274.0|33.2|22.8|0.0|38939.46907|Photovoltaic|1.0|23142.6
2000|Faro|290.0|29.7|22.1|0.0|38939.46907|Total|43764.0|23142.6
2000|Faro|290.0|29.7|22.1|0.0|38939.46907|Eolic|168.0|23142.6
2000|Faro|290.0|29.7|22.1|0.0|38939.46907|Geothermal|80.0|23142.6
2000|Faro|290.0|29.7|22.1|0.0|38939.46907|Hydric|11715.0|23142.6
2000|Faro|290.0|29.7|22.1|0.0|38939.46907|Thermal|31800.0|23142.6
2000|Faro|290.0|29.7|22.1|0.0|38939.46907|Photovoltaic|1.0|23142.6
2001|Viana do Castelo|199.0|26.2|20.2|15.0|40540.701913|Total|46509.0|24192.7
2001|Viana do Castelo|199.0|26.2|20.2|15.0|40540.701913|Eolic|256.0|24192.7
2001|Viana do Castelo|199.0|26.2|20.2|15.0|40540.701913|Geothermal|105.0|24192.7
2001|Viana do Castelo|199.0|26.2|20.2|15.0|40540.701913|Hydric|14375.0|24192.7
2001|Viana do Castelo|199.0|26.2|20.2|15.0|40540.701913|Thermal|31772.0|24192.7
2001|Viana do Castelo|199.0|26.2|20.2|15.0|40540.701913|Photovoltaic|1.0|24192.7
2001|Bragança|254.0|29.3|18.4|19.0|40540.701913|Total|46509.0|24192.7
2001|Bragança|254.0|29.3|18.4|19.0|40540.701913|Eolic|256.0|24192.7
2001|Bragança|254.0|29.3|18.4|19.0|40540.701913|Geothermal|105.0|24192.7
2001|Bragança|254.0|29.3|18.4|19.0|40540.701913|Hydric|14375.0|24192.7
2001|Bragança|254.0|29.3|18.4|19.0|40540.701913|Thermal|31772.0|24192.7
2001|Bragança|254.0|29.3|18.4|19.0|40540.701913|Photovoltaic|1.0|24192.7
2001|Porto|215.0|24.8|18.9|0.0|40540.701913|Total|46509.0|24192.7
2001|Porto|215.0|24.8|18.9|0.0|40540.701913|Eolic|256.0|24192.7
2001|Porto|215.0|24.8|18.9|0.0|40540.701913|Geothermal|105.0|24192.7
2001|Porto|215.0|24.8|18.9|0.0|40540.701913|Hydric|14375.0|24192.7
2001|Porto|215.0|24.8|18.9|0.0|40540.701913|Thermal|31772.0|24192.7
2001|Porto|215.0|24.8|18.9|0.0|40540.701913|Photovoltaic|1.0|24192.7
2001|Castelo Branco|241.0|31.0|20.8|15.0|40540.701913|Total|46509.0|24192.7
2001|Castelo Branco|241.0|31.0|20.8|15.0|40540.701913|Eolic|256.0|24192.7
2001|Castelo Branco|241.0|31.0|20.8|15.0|40540.701913|Geothermal|105.0|24192.7
2001|Castelo Branco|241.0|31.0|20.8|15.0|40540.701913|Hydric|14375.0|24192.7
2001|Castelo Branco|241.0|31.0|20.8|15.0|40540.701913|Thermal|31772.0|24192.7
2001|Castelo Branco|241.0|31.0|20.8|15.0|40540.701913|Photovoltaic|1.0|24192.7
2001|Lisboa|254.0|27.1|20.8|7.0|40540.701913|Total|46509.0|24192.7
2001|Lisboa|254.0|27.1|20.8|7.0|40540.701913|Eolic|256.0|24192.7
2001|Lisboa|254.0|27.1|20.8|7.0|40540.701913|Geothermal|105.0|24192.7
2001|Lisboa|254.0|27.1|20.8|7.0|40540.701913|Hydric|14375.0|24192.7
2001|Lisboa|254.0|27.1|20.8|7.0|40540.701913|Thermal|31772.0|24192.7
2001|Lisboa|254.0|27.1|20.8|7.0|40540.701913|Photovoltaic|1.0|24192.7
2001|Beja|268.0|32.7|22.6|17.0|40540.701913|Total|46509.0|24192.7
2001|Beja|268.0|32.7|22.6|17.0|40540.701913|Eolic|256.0|24192.7
2001|Beja|268.0|32.7|22.6|17.0|40540.701913|Geothermal|105.0|24192.7
2001|Beja|268.0|32.7|22.6|17.0|40540.701913|Hydric|14375.0|24192.7
2001|Beja|268.0|32.7|22.6|17.0|40540.701913|Thermal|31772.0|24192.7
2001|Beja|268.0|32.7|22.6|17.0|40540.701913|Photovoltaic|1.0|24192.7
2001|Faro|281.0|28.8|22.1|6.0|40540.701913|Total|46509.0|24192.7
2001|Faro|281.0|28.8|22.1|6.0|40540.701913|Eolic|256.0|24192.7
2001|Faro|281.0|28.8|22.1|6.0|40540.701913|Geothermal|105.0|24192.7
2001|Faro|281.0|28.8|22.1|6.0|40540.701913|Hydric|14375.0|24192.7
2001|Faro|281.0|28.8|22.1|6.0|40540.701913|Thermal|31772.0|24192.7
2001|Faro|281.0|28.8|22.1|6.0|40540.701913|Photovoltaic|1.0|24192.7
2002|Viana do Castelo|183.0|26.0|20.0|6.0|42116.729684|Total|46107.0|25244.5
2002|Viana do Castelo|183.0|26.0|20.0|6.0|42116.729684|Eolic|362.0|25244.5
2002|Viana do Castelo|183.0|26.0|20.0|6.0|42116.729684|Geothermal|96.0|25244.5
2002|Viana do Castelo|183.0|26.0|20.0|6.0|42116.729684|Hydric|8257.0|25244.5
2002|Viana do Castelo|183.0|26.0|20.0|6.0|42116.729684|Thermal|37390.0|25244.5
2002|Viana do Castelo|183.0|26.0|20.0|6.0|42116.729684|Photovoltaic|2.0|25244.5
2002|Bragança|228.0|28.9|18.5|22.0|42116.729684|Total|46107.0|25244.5
2002|Bragança|228.0|28.9|18.5|22.0|42116.729684|Eolic|362.0|25244.5
2002|Bragança|228.0|28.9|18.5|22.0|42116.729684|Geothermal|96.0|25244.5
2002|Bragança|228.0|28.9|18.5|22.0|42116.729684|Hydric|8257.0|25244.5
2002|Bragança|228.0|28.9|18.5|22.0|42116.729684|Thermal|37390.0|25244.5
2002|Bragança|228.0|28.9|18.5|22.0|42116.729684|Photovoltaic|2.0|25244.5
2002|Porto|203.0|23.8|18.9|0.0|42116.729684|Total|46107.0|25244.5
2002|Porto|203.0|23.8|18.9|0.0|42116.729684|Eolic|362.0|25244.5
2002|Porto|203.0|23.8|18.9|0.0|42116.729684|Geothermal|96.0|25244.5
2002|Porto|203.0|23.8|18.9|0.0|42116.729684|Hydric|8257.0|25244.5
2002|Porto|203.0|23.8|18.9|0.0|42116.729684|Thermal|37390.0|25244.5
2002|Porto|203.0|23.8|18.9|0.0|42116.729684|Photovoltaic|2.0|25244.5
2002|Castelo Branco|233.0|31.6|21.0|15.0|42116.729684|Total|46107.0|25244.5
2002|Castelo Branco|233.0|31.6|21.0|15.0|42116.729684|Eolic|362.0|25244.5
2002|Castelo Branco|233.0|31.6|21.0|15.0|42116.729684|Geothermal|96.0|25244.5
2002|Castelo Branco|233.0|31.6|21.0|15.0|42116.729684|Hydric|8257.0|25244.5
2002|Castelo Branco|233.0|31.6|21.0|15.0|42116.729684|Thermal|37390.0|25244.5
2002|Castelo Branco|233.0|31.6|21.0|15.0|42116.729684|Photovoltaic|2.0|25244.5
2002|Lisboa|247.0|27.1|21.1|12.0|42116.729684|Total|46107.0|25244.5
2002|Lisboa|247.0|27.1|21.1|12.0|42116.729684|Eolic|362.0|25244.5
2002|Lisboa|247.0|27.1|21.1|12.0|42116.729684|Geothermal|96.0|25244.5
2002|Lisboa|247.0|27.1|21.1|12.0|42116.729684|Hydric|8257.0|25244.5
2002|Lisboa|247.0|27.1|21.1|12.0|42116.729684|Thermal|37390.0|25244.5
2002|Lisboa|247.0|27.1|21.1|12.0|42116.729684|Photovoltaic|2.0|25244.5
2002|Beja|265.0|33.0|22.6|23.0|42116.729684|Total|46107.0|25244.5
2002|Beja|265.0|33.0|22.6|23.0|42116.729684|Eolic|362.0|25244.5
2002|Beja|265.0|33.0|22.6|23.0|42116.729684|Geothermal|96.0|25244.5
2002|Beja|265.0|33.0|22.6|23.0|42116.729684|Hydric|8257.0|25244.5
2002|Beja|265.0|33.0|22.6|23.0|42116.729684|Thermal|37390.0|25244.5
2002|Beja|265.0|33.0|22.6|23.0|42116.729684|Photovoltaic|2.0|25244.5
2002|Faro|277.0|29.6|22.1|0.0|42116.729684|Total|46107.0|25244.5
2002|Faro|277.0|29.6|22.1|0.0|42116.729684|Eolic|362.0|25244.5
2002|Faro|277.0|29.6|22.1|0.0|42116.729684|Geothermal|96.0|25244.5
2002|Faro|277.0|29.6|22.1|0.0|42116.729684|Hydric|8257.0|25244.5
2002|Faro|277.0|29.6|22.1|0.0|42116.729684|Thermal|37390.0|25244.5
2002|Faro|277.0|29.6|22.1|0.0|42116.729684|Photovoltaic|2.0|25244.5
2003|Viana do Castelo|202.0|28.5|20.2|0.0|43802.993542|Total|46852.0|26191.5
2003|Viana do Castelo|202.0|28.5|20.2|0.0|43802.993542|Eolic|496.0|26191.5
2003|Viana do Castelo|202.0|28.5|20.2|0.0|43802.993542|Geothermal|90.0|26191.5
2003|Viana do Castelo|202.0|28.5|20.2|0.0|43802.993542|Hydric|16054.0|26191.5
2003|Viana do Castelo|202.0|28.5|20.2|0.0|43802.993542|Thermal|30209.0|26191.5
2003|Viana do Castelo|202.0|28.5|20.2|0.0|43802.993542|Photovoltaic|3.0|26191.5
2003|Bragança|224.0|32.0|18.9|29.0|43802.993542|Total|46852.0|26191.5
2003|Bragança|224.0|32.0|18.9|29.0|43802.993542|Eolic|496.0|26191.5
2003|Bragança|224.0|32.0|18.9|29.0|43802.993542|Geothermal|90.0|26191.5
2003|Bragança|224.0|32.0|18.9|29.0|43802.993542|Hydric|16054.0|26191.5
2003|Bragança|224.0|32.0|18.9|29.0|43802.993542|Thermal|30209.0|26191.5
2003|Bragança|224.0|32.0|18.9|29.0|43802.993542|Photovoltaic|3.0|26191.5
2003|Porto|207.0|27.0|19.4|0.0|43802.993542|Total|46852.0|26191.5
2003|Porto|207.0|27.0|19.4|0.0|43802.993542|Eolic|496.0|26191.5
2003|Porto|207.0|27.0|19.4|0.0|43802.993542|Geothermal|90.0|26191.5
2003|Porto|207.0|27.0|19.4|0.0|43802.993542|Hydric|16054.0|26191.5
2003|Porto|207.0|27.0|19.4|0.0|43802.993542|Thermal|30209.0|26191.5
2003|Porto|207.0|27.0|19.4|0.0|43802.993542|Photovoltaic|3.0|26191.5
2003|Castelo Branco|237.0|34.0|21.3|17.0|43802.993542|Total|46852.0|26191.5
2003|Castelo Branco|237.0|34.0|21.3|17.0|43802.993542|Eolic|496.0|26191.5
2003|Castelo Branco|237.0|34.0|21.3|17.0|43802.993542|Geothermal|90.0|26191.5
2003|Castelo Branco|237.0|34.0|21.3|17.0|43802.993542|Hydric|16054.0|26191.5
2003|Castelo Branco|237.0|34.0|21.3|17.0|43802.993542|Thermal|30209.0|26191.5
2003|Castelo Branco|237.0|34.0|21.3|17.0|43802.993542|Photovoltaic|3.0|26191.5
2003|Lisboa|260.0|30.1|21.4|0.0|43802.993542|Total|46852.0|26191.5
2003|Lisboa|260.0|30.1|21.4|0.0|43802.993542|Eolic|496.0|26191.5
2003|Lisboa|260.0|30.1|21.4|0.0|43802.993542|Geothermal|90.0|26191.5
2003|Lisboa|260.0|30.1|21.4|0.0|43802.993542|Hydric|16054.0|26191.5
2003|Lisboa|260.0|30.1|21.4|0.0|43802.993542|Thermal|30209.0|26191.5
2003|Lisboa|260.0|30.1|21.4|0.0|43802.993542|Photovoltaic|3.0|26191.5
2003|Beja|281.0|33.8|23.0|24.0|43802.993542|Total|46852.0|26191.5
2003|Beja|281.0|33.8|23.0|24.0|43802.993542|Eolic|496.0|26191.5
2003|Beja|281.0|33.8|23.0|24.0|43802.993542|Geothermal|90.0|26191.5
2003|Beja|281.0|33.8|23.0|24.0|43802.993542|Hydric|16054.0|26191.5
2003|Beja|281.0|33.8|23.0|24.0|43802.993542|Thermal|30209.0|26191.5
2003|Beja|281.0|33.8|23.0|24.0|43802.993542|Photovoltaic|3.0|26191.5
2003|Faro|282.0|30.8|22.3|6.0|43802.993542|Total|46852.0|26191.5
2003|Faro|282.0|30.8|22.3|6.0|43802.993542|Eolic|496.0|26191.5
2003|Faro|282.0|30.8|22.3|6.0|43802.993542|Geothermal|90.0|26191.5
2003|Faro|282.0|30.8|22.3|6.0|43802.993542|Hydric|16054.0|26191.5
2003|Faro|282.0|30.8|22.3|6.0|43802.993542|Thermal|30209.0|26191.5
2003|Faro|282.0|30.8|22.3|6.0|43802.993542|Photovoltaic|3.0|26191.5
2004|Viana do Castelo|218.0|26.7|20.3|14.0|45498.596452|Total|45105.0|27500.2
2004|Viana do Castelo|218.0|26.7|20.3|14.0|45498.596452|Eolic|816.0|27500.2
2004|Viana do Castelo|218.0|26.7|20.3|14.0|45498.596452|Geothermal|84.0|27500.2
2004|Viana do Castelo|218.0|26.7|20.3|14.0|45498.596452|Hydric|10147.0|27500.2
2004|Viana do Castelo|218.0|26.7|20.3|14.0|45498.596452|Thermal|34055.0|27500.2
2004|Viana do Castelo|218.0|26.7|20.3|14.0|45498.596452|Photovoltaic|3.0|27500.2
2004|Bragança|265.0|29.7|18.6|28.0|45498.596452|Total|45105.0|27500.2
2004|Bragança|265.0|29.7|18.6|28.0|45498.596452|Eolic|816.0|27500.2
2004|Bragança|265.0|29.7|18.6|28.0|45498.596452|Geothermal|84.0|27500.2
2004|Bragança|265.0|29.7|18.6|28.0|45498.596452|Hydric|10147.0|27500.2
2004|Bragança|265.0|29.7|18.6|28.0|45498.596452|Thermal|34055.0|27500.2
2004|Bragança|265.0|29.7|18.6|28.0|45498.596452|Photovoltaic|3.0|27500.2
2004|Porto|249.0|24.4|19.1|7.0|45498.596452|Total|45105.0|27500.2
2004|Porto|249.0|24.4|19.1|7.0|45498.596452|Eolic|816.0|27500.2
2004|Porto|249.0|24.4|19.1|7.0|45498.596452|Geothermal|84.0|27500.2
2004|Porto|249.0|24.4|19.1|7.0|45498.596452|Hydric|10147.0|27500.2
2004|Porto|249.0|24.4|19.1|7.0|45498.596452|Thermal|34055.0|27500.2
2004|Porto|249.0|24.4|19.1|7.0|45498.596452|Photovoltaic|3.0|27500.2
2004|Castelo Branco|274.0|32.6|21.5|28.0|45498.596452|Total|45105.0|27500.2
2004|Castelo Branco|274.0|32.6|21.5|28.0|45498.596452|Eolic|816.0|27500.2
2004|Castelo Branco|274.0|32.6|21.5|28.0|45498.596452|Geothermal|84.0|27500.2
2004|Castelo Branco|274.0|32.6|21.5|28.0|45498.596452|Hydric|10147.0|27500.2
2004|Castelo Branco|274.0|32.6|21.5|28.0|45498.596452|Thermal|34055.0|27500.2
2004|Castelo Branco|274.0|32.6|21.5|28.0|45498.596452|Photovoltaic|3.0|27500.2
2004|Lisboa|279.0|28.7|21.4|8.0|45498.596452|Total|45105.0|27500.2
2004|Lisboa|279.0|28.7|21.4|8.0|45498.596452|Eolic|816.0|27500.2
2004|Lisboa|279.0|28.7|21.4|8.0|45498.596452|Geothermal|84.0|27500.2
2004|Lisboa|279.0|28.7|21.4|8.0|45498.596452|Hydric|10147.0|27500.2
2004|Lisboa|279.0|28.7|21.4|8.0|45498.596452|Thermal|34055.0|27500.2
2004|Lisboa|279.0|28.7|21.4|8.0|45498.596452|Photovoltaic|3.0|27500.2
2004|Beja|266.0|34.5|23.3|16.0|45498.596452|Total|45105.0|27500.2
2004|Beja|266.0|34.5|23.3|16.0|45498.596452|Eolic|816.0|27500.2
2004|Beja|266.0|34.5|23.3|16.0|45498.596452|Geothermal|84.0|27500.2
2004|Beja|266.0|34.5|23.3|16.0|45498.596452|Hydric|10147.0|27500.2
2004|Beja|266.0|34.5|23.3|16.0|45498.596452|Thermal|34055.0|27500.2
2004|Beja|266.0|34.5|23.3|16.0|45498.596452|Photovoltaic|3.0|27500.2
2004|Faro|306.0|31.4|22.3|6.0|45498.596452|Total|45105.0|27500.2
2004|Faro|306.0|31.4|22.3|6.0|45498.596452|Eolic|816.0|27500.2
2004|Faro|306.0|31.4|22.3|6.0|45498.596452|Geothermal|84.0|27500.2
2004|Faro|306.0|31.4|22.3|6.0|45498.596452|Hydric|10147.0|27500.2
2004|Faro|306.0|31.4|22.3|6.0|45498.596452|Thermal|34055.0|27500.2
2004|Faro|306.0|31.4|22.3|6.0|45498.596452|Photovoltaic|3.0|27500.2
2005|Viana do Castelo|232.0|29.0|20.8|0.0|47028.809174|Total|46575.0|28498.2
2005|Viana do Castelo|232.0|29.0|20.8|0.0|47028.809174|Eolic|1773.0|28498.2
2005|Viana do Castelo|232.0|29.0|20.8|0.0|47028.809174|Geothermal|71.0|28498.2
2005|Viana do Castelo|232.0|29.0|20.8|0.0|47028.809174|Hydric|5118.0|28498.2
2005|Viana do Castelo|232.0|29.0|20.8|0.0|47028.809174|Thermal|39610.0|28498.2
2005|Viana do Castelo|232.0|29.0|20.8|0.0|47028.809174|Photovoltaic|3.0|28498.2
2005|Bragança|275.0|30.2|19.0|25.0|47028.809174|Total|46575.0|28498.2
2005|Bragança|275.0|30.2|19.0|25.0|47028.809174|Eolic|1773.0|28498.2
2005|Bragança|275.0|30.2|19.0|25.0|47028.809174|Geothermal|71.0|28498.2
2005|Bragança|275.0|30.2|19.0|25.0|47028.809174|Hydric|5118.0|28498.2
2005|Bragança|275.0|30.2|19.0|25.0|47028.809174|Thermal|39610.0|28498.2
2005|Bragança|275.0|30.2|19.0|25.0|47028.809174|Photovoltaic|3.0|28498.2
2005|Porto|250.0|27.0|19.6|0.0|47028.809174|Total|46575.0|28498.2
2005|Porto|250.0|27.0|19.6|0.0|47028.809174|Eolic|1773.0|28498.2
2005|Porto|250.0|27.0|19.6|0.0|47028.809174|Geothermal|71.0|28498.2
2005|Porto|250.0|27.0|19.6|0.0|47028.809174|Hydric|5118.0|28498.2
2005|Porto|250.0|27.0|19.6|0.0|47028.809174|Thermal|39610.0|28498.2
2005|Porto|250.0|27.0|19.6|0.0|47028.809174|Photovoltaic|3.0|28498.2
2005|Castelo Branco|282.0|34.0|21.7|18.0|47028.809174|Total|46575.0|28498.2
2005|Castelo Branco|282.0|34.0|21.7|18.0|47028.809174|Eolic|1773.0|28498.2
2005|Castelo Branco|282.0|34.0|21.7|18.0|47028.809174|Geothermal|71.0|28498.2
2005|Castelo Branco|282.0|34.0|21.7|18.0|47028.809174|Hydric|5118.0|28498.2
2005|Castelo Branco|282.0|34.0|21.7|18.0|47028.809174|Thermal|39610.0|28498.2
2005|Castelo Branco|282.0|34.0|21.7|18.0|47028.809174|Photovoltaic|3.0|28498.2
2005|Lisboa|290.0|29.9|21.5|7.0|47028.809174|Total|46575.0|28498.2
2005|Lisboa|290.0|29.9|21.5|7.0|47028.809174|Eolic|1773.0|28498.2
2005|Lisboa|290.0|29.9|21.5|7.0|47028.809174|Geothermal|71.0|28498.2
2005|Lisboa|290.0|29.9|21.5|7.0|47028.809174|Hydric|5118.0|28498.2
2005|Lisboa|290.0|29.9|21.5|7.0|47028.809174|Thermal|39610.0|28498.2
2005|Lisboa|290.0|29.9|21.5|7.0|47028.809174|Photovoltaic|3.0|28498.2
2005|Beja|301.0|34.9|23.5|14.0|47028.809174|Total|46575.0|28498.2
2005|Beja|301.0|34.9|23.5|14.0|47028.809174|Eolic|1773.0|28498.2
2005|Beja|301.0|34.9|23.5|14.0|47028.809174|Geothermal|71.0|28498.2
2005|Beja|301.0|34.9|23.5|14.0|47028.809174|Hydric|5118.0|28498.2
2005|Beja|301.0|34.9|23.5|14.0|47028.809174|Thermal|39610.0|28498.2
2005|Beja|301.0|34.9|23.5|14.0|47028.809174|Photovoltaic|3.0|28498.2
2005|Faro|304.0|28.7|21.8|0.0|47028.809174|Total|46575.0|28498.2
2005|Faro|304.0|28.7|21.8|0.0|47028.809174|Eolic|1773.0|28498.2
2005|Faro|304.0|28.7|21.8|0.0|47028.809174|Geothermal|71.0|28498.2
2005|Faro|304.0|28.7|21.8|0.0|47028.809174|Hydric|5118.0|28498.2
2005|Faro|304.0|28.7|21.8|0.0|47028.809174|Thermal|39610.0|28498.2
2005|Faro|304.0|28.7|21.8|0.0|47028.809174|Photovoltaic|3.0|28498.2
2006|Viana do Castelo|204.0|26.9|19.8|6.0|48545.712359|Total|49041.0|29728.0
2006|Viana do Castelo|204.0|26.9|19.8|6.0|48545.712359|Eolic|2925.0|29728.0
2006|Viana do Castelo|204.0|26.9|19.8|6.0|48545.712359|Geothermal|85.0|29728.0
2006|Viana do Castelo|204.0|26.9|19.8|6.0|48545.712359|Hydric|11467.0|29728.0
2006|Viana do Castelo|204.0|26.9|19.8|6.0|48545.712359|Thermal|34559.0|29728.0
2006|Viana do Castelo|204.0|26.9|19.8|6.0|48545.712359|Photovoltaic|5.0|29728.0
2006|Bragança|246.0|31.2|19.1|16.0|48545.712359|Total|49041.0|29728.0
2006|Bragança|246.0|31.2|19.1|16.0|48545.712359|Eolic|2925.0|29728.0
2006|Bragança|246.0|31.2|19.1|16.0|48545.712359|Geothermal|85.0|29728.0
2006|Bragança|246.0|31.2|19.1|16.0|48545.712359|Hydric|11467.0|29728.0
2006|Bragança|246.0|31.2|19.1|16.0|48545.712359|Thermal|34559.0|29728.0
2006|Bragança|246.0|31.2|19.1|16.0|48545.712359|Photovoltaic|5.0|29728.0
2006|Porto|229.0|27.8|20.0|23.0|48545.712359|Total|49041.0|29728.0
2006|Porto|229.0|27.8|20.0|23.0|48545.712359|Eolic|2925.0|29728.0
2006|Porto|229.0|27.8|20.0|23.0|48545.712359|Geothermal|85.0|29728.0
2006|Porto|229.0|27.8|20.0|23.0|48545.712359|Hydric|11467.0|29728.0
2006|Porto|229.0|27.8|20.0|23.0|48545.712359|Thermal|34559.0|29728.0
2006|Porto|229.0|27.8|20.0|23.0|48545.712359|Photovoltaic|5.0|29728.0
2006|Castelo Branco|261.0|33.0|21.7|16.0|48545.712359|Total|49041.0|29728.0
2006|Castelo Branco|261.0|33.0|21.7|16.0|48545.712359|Eolic|2925.0|29728.0
2006|Castelo Branco|261.0|33.0|21.7|16.0|48545.712359|Geothermal|85.0|29728.0
2006|Castelo Branco|261.0|33.0|21.7|16.0|48545.712359|Hydric|11467.0|29728.0
2006|Castelo Branco|261.0|33.0|21.7|16.0|48545.712359|Thermal|34559.0|29728.0
2006|Castelo Branco|261.0|33.0|21.7|16.0|48545.712359|Photovoltaic|5.0|29728.0
2006|Lisboa|271.0|29.7|21.8|0.0|48545.712359|Total|49041.0|29728.0
2006|Lisboa|271.0|29.7|21.8|0.0|48545.712359|Eolic|2925.0|29728.0
2006|Lisboa|271.0|29.7|21.8|0.0|48545.712359|Geothermal|85.0|29728.0
2006|Lisboa|271.0|29.7|21.8|0.0|48545.712359|Hydric|11467.0|29728.0
2006|Lisboa|271.0|29.7|21.8|0.0|48545.712359|Thermal|34559.0|29728.0
2006|Lisboa|271.0|29.7|21.8|0.0|48545.712359|Photovoltaic|5.0|29728.0
2006|Beja|255.0|35.0|23.4|28.0|48545.712359|Total|49041.0|29728.0
2006|Beja|255.0|35.0|23.4|28.0|48545.712359|Eolic|2925.0|29728.0
2006|Beja|255.0|35.0|23.4|28.0|48545.712359|Geothermal|85.0|29728.0
2006|Beja|255.0|35.0|23.4|28.0|48545.712359|Hydric|11467.0|29728.0
2006|Beja|255.0|35.0|23.4|28.0|48545.712359|Thermal|34559.0|29728.0
2006|Beja|255.0|35.0|23.4|28.0|48545.712359|Photovoltaic|5.0|29728.0
2006|Faro|289.0|29.8|22.3|0.0|48545.712359|Total|49041.0|29728.0
2006|Faro|289.0|29.8|22.3|0.0|48545.712359|Eolic|2925.0|29728.0
2006|Faro|289.0|29.8|22.3|0.0|48545.712359|Geothermal|85.0|29728.0
2006|Faro|289.0|29.8|22.3|0.0|48545.712359|Hydric|11467.0|29728.0
2006|Faro|289.0|29.8|22.3|0.0|48545.712359|Thermal|34559.0|29728.0
2006|Faro|289.0|29.8|22.3|0.0|48545.712359|Photovoltaic|5.0|29728.0
2007|Viana do Castelo|246.0|25.2|19.4|0.0|49676.041662|Total|47253.0|31539.3
2007|Viana do Castelo|246.0|25.2|19.4|0.0|49676.041662|Eolic|4037.0|31539.3
2007|Viana do Castelo|246.0|25.2|19.4|0.0|49676.041662|Geothermal|201.0|31539.3
2007|Viana do Castelo|246.0|25.2|19.4|0.0|49676.041662|Hydric|10449.0|31539.3
2007|Viana do Castelo|246.0|25.2|19.4|0.0|49676.041662|Thermal|32542.0|31539.3
2007|Viana do Castelo|246.0|25.2|19.4|0.0|49676.041662|Photovoltaic|24.0|31539.3
2007|Bragança|269.0|26.9|18.5|17.0|49676.041662|Total|47253.0|31539.3
2007|Bragança|269.0|26.9|18.5|17.0|49676.041662|Eolic|4037.0|31539.3
2007|Bragança|269.0|26.9|18.5|17.0|49676.041662|Geothermal|201.0|31539.3
2007|Bragança|269.0|26.9|18.5|17.0|49676.041662|Hydric|10449.0|31539.3
2007|Bragança|269.0|26.9|18.5|17.0|49676.041662|Thermal|32542.0|31539.3
2007|Bragança|269.0|26.9|18.5|17.0|49676.041662|Photovoltaic|24.0|31539.3
2007|Porto|251.0|25.7|19.7|0.0|49676.041662|Total|47253.0|31539.3
2007|Porto|251.0|25.7|19.7|0.0|49676.041662|Eolic|4037.0|31539.3
2007|Porto|251.0|25.7|19.7|0.0|49676.041662|Geothermal|201.0|31539.3
2007|Porto|251.0|25.7|19.7|0.0|49676.041662|Hydric|10449.0|31539.3
2007|Porto|251.0|25.7|19.7|0.0|49676.041662|Thermal|32542.0|31539.3
2007|Porto|251.0|25.7|19.7|0.0|49676.041662|Photovoltaic|24.0|31539.3
2007|Castelo Branco|275.0|30.7|21.0|0.0|49676.041662|Total|47253.0|31539.3
2007|Castelo Branco|275.0|30.7|21.0|0.0|49676.041662|Eolic|4037.0|31539.3
2007|Castelo Branco|275.0|30.7|21.0|0.0|49676.041662|Geothermal|201.0|31539.3
2007|Castelo Branco|275.0|30.7|21.0|0.0|49676.041662|Hydric|10449.0|31539.3
2007|Castelo Branco|275.0|30.7|21.0|0.0|49676.041662|Thermal|32542.0|31539.3
2007|Castelo Branco|275.0|30.7|21.0|0.0|49676.041662|Photovoltaic|24.0|31539.3
2007|Lisboa|285.0|27.5|21.1|0.0|49676.041662|Total|47253.0|31539.3
2007|Lisboa|285.0|27.5|21.1|0.0|49676.041662|Eolic|4037.0|31539.3
2007|Lisboa|285.0|27.5|21.1|0.0|49676.041662|Geothermal|201.0|31539.3
2007|Lisboa|285.0|27.5|21.1|0.0|49676.041662|Hydric|10449.0|31539.3
2007|Lisboa|285.0|27.5|21.1|0.0|49676.041662|Thermal|32542.0|31539.3
2007|Lisboa|285.0|27.5|21.1|0.0|49676.041662|Photovoltaic|24.0|31539.3
2007|Beja|266.0|33.2|22.8|0.0|49676.041662|Total|47253.0|31539.3
2007|Beja|266.0|33.2|22.8|0.0|49676.041662|Eolic|4037.0|31539.3
2007|Beja|266.0|33.2|22.8|0.0|49676.041662|Geothermal|201.0|31539.3
2007|Beja|266.0|33.2|22.8|0.0|49676.041662|Hydric|10449.0|31539.3
2007|Beja|266.0|33.2|22.8|0.0|49676.041662|Thermal|32542.0|31539.3
2007|Beja|266.0|33.2|22.8|0.0|49676.041662|Photovoltaic|24.0|31539.3
2007|Faro|303.0|30.1|22.3|0.0|49676.041662|Total|47253.0|31539.3
2007|Faro|303.0|30.1|22.3|0.0|49676.041662|Eolic|4037.0|31539.3
2007|Faro|303.0|30.1|22.3|0.0|49676.041662|Geothermal|201.0|31539.3
2007|Faro|303.0|30.1|22.3|0.0|49676.041662|Hydric|10449.0|31539.3
2007|Faro|303.0|30.1|22.3|0.0|49676.041662|Thermal|32542.0|31539.3
2007|Faro|303.0|30.1|22.3|0.0|49676.041662|Photovoltaic|24.0|31539.3
2008|Viana do Castelo|206.0|24.0|18.9|6.0|49186.865934|Total|45969.0|32257.1
2008|Viana do Castelo|206.0|24.0|18.9|6.0|49186.865934|Eolic|5757.0|32257.1
2008|Viana do Castelo|206.0|24.0|18.9|6.0|49186.865934|Geothermal|192.0|32257.1
2008|Viana do Castelo|206.0|24.0|18.9|6.0|49186.865934|Hydric|7298.0|32257.1
2008|Viana do Castelo|206.0|24.0|18.9|6.0|49186.865934|Thermal|32681.0|32257.1
2008|Viana do Castelo|206.0|24.0|18.9|6.0|49186.865934|Photovoltaic|41.0|32257.1
2008|Bragança|251.0|28.4|18.4|6.0|49186.865934|Total|45969.0|32257.1
2008|Bragança|251.0|28.4|18.4|6.0|49186.865934|Eolic|5757.0|32257.1
2008|Bragança|251.0|28.4|18.4|6.0|49186.865934|Geothermal|192.0|32257.1
2008|Bragança|251.0|28.4|18.4|6.0|49186.865934|Hydric|7298.0|32257.1
2008|Bragança|251.0|28.4|18.4|6.0|49186.865934|Thermal|32681.0|32257.1
2008|Bragança|251.0|28.4|18.4|6.0|49186.865934|Photovoltaic|41.0|32257.1
2008|Porto|217.0|23.6|19.1|6.0|49186.865934|Total|45969.0|32257.1
2008|Porto|217.0|23.6|19.1|6.0|49186.865934|Eolic|5757.0|32257.1
2008|Porto|217.0|23.6|19.1|6.0|49186.865934|Geothermal|192.0|32257.1
2008|Porto|217.0|23.6|19.1|6.0|49186.865934|Hydric|7298.0|32257.1
2008|Porto|217.0|23.6|19.1|6.0|49186.865934|Thermal|32681.0|32257.1
2008|Porto|217.0|23.6|19.1|6.0|49186.865934|Photovoltaic|41.0|32257.1
2008|Castelo Branco|266.0|31.3|21.0|12.0|49186.865934|Total|45969.0|32257.1
2008|Castelo Branco|266.0|31.3|21.0|12.0|49186.865934|Eolic|5757.0|32257.1
2008|Castelo Branco|266.0|31.3|21.0|12.0|49186.865934|Geothermal|192.0|32257.1
2008|Castelo Branco|266.0|31.3|21.0|12.0|49186.865934|Hydric|7298.0|32257.1
2008|Castelo Branco|266.0|31.3|21.0|12.0|49186.865934|Thermal|32681.0|32257.1
2008|Castelo Branco|266.0|31.3|21.0|12.0|49186.865934|Photovoltaic|41.0|32257.1
2008|Lisboa|266.0|27.1|21.1|0.0|49186.865934|Total|45969.0|32257.1
2008|Lisboa|266.0|27.1|21.1|0.0|49186.865934|Eolic|5757.0|32257.1
2008|Lisboa|266.0|27.1|21.1|0.0|49186.865934|Geothermal|192.0|32257.1
2008|Lisboa|266.0|27.1|21.1|0.0|49186.865934|Hydric|7298.0|32257.1
2008|Lisboa|266.0|27.1|21.1|0.0|49186.865934|Thermal|32681.0|32257.1
2008|Lisboa|266.0|27.1|21.1|0.0|49186.865934|Photovoltaic|41.0|32257.1
2008|Beja|263.0|32.5|22.7|6.0|49186.865934|Total|45969.0|32257.1
2008|Beja|263.0|32.5|22.7|6.0|49186.865934|Eolic|5757.0|32257.1
2008|Beja|263.0|32.5|22.7|6.0|49186.865934|Geothermal|192.0|32257.1
2008|Beja|263.0|32.5|22.7|6.0|49186.865934|Hydric|7298.0|32257.1
2008|Beja|263.0|32.5|22.7|6.0|49186.865934|Thermal|32681.0|32257.1
2008|Beja|263.0|32.5|22.7|6.0|49186.865934|Photovoltaic|41.0|32257.1
2008|Faro|296.0|29.0|22.0|0.0|49186.865934|Total|45969.0|32257.1
2008|Faro|296.0|29.0|22.0|0.0|49186.865934|Eolic|5757.0|32257.1
2008|Faro|296.0|29.0|22.0|0.0|49186.865934|Geothermal|192.0|32257.1
2008|Faro|296.0|29.0|22.0|0.0|49186.865934|Hydric|7298.0|32257.1
2008|Faro|296.0|29.0|22.0|0.0|49186.865934|Thermal|32681.0|32257.1
2008|Faro|296.0|29.0|22.0|0.0|49186.865934|Photovoltaic|41.0|32257.1
2009|Viana do Castelo|211.0|24.6|19.1|0.0|48772.938876|Total|50207.0|33097.1
2009|Viana do Castelo|211.0|24.6|19.1|0.0|48772.938876|Eolic|7577.0|33097.1
2009|Viana do Castelo|211.0|24.6|19.1|0.0|48772.938876|Geothermal|184.0|33097.1
2009|Viana do Castelo|211.0|24.6|19.1|0.0|48772.938876|Hydric|9009.0|33097.1
2009|Viana do Castelo|211.0|24.6|19.1|0.0|48772.938876|Thermal|33277.0|33097.1
2009|Viana do Castelo|211.0|24.6|19.1|0.0|48772.938876|Photovoltaic|160.0|33097.1
2009|Bragança|257.0|32.3|19.5|40.0|48772.938876|Total|50207.0|33097.1
2009|Bragança|257.0|32.3|19.5|40.0|48772.938876|Eolic|7577.0|33097.1
2009|Bragança|257.0|32.3|19.5|40.0|48772.938876|Geothermal|184.0|33097.1
2009|Bragança|257.0|32.3|19.5|40.0|48772.938876|Hydric|9009.0|33097.1
2009|Bragança|257.0|32.3|19.5|40.0|48772.938876|Thermal|33277.0|33097.1
2009|Bragança|257.0|32.3|19.5|40.0|48772.938876|Photovoltaic|160.0|33097.1
2009|Porto|189.0|25.2|19.3|0.0|48772.938876|Total|50207.0|33097.1
2009|Porto|189.0|25.2|19.3|0.0|48772.938876|Eolic|7577.0|33097.1
2009|Porto|189.0|25.2|19.3|0.0|48772.938876|Geothermal|184.0|33097.1
2009|Porto|189.0|25.2|19.3|0.0|48772.938876|Hydric|9009.0|33097.1
2009|Porto|189.0|25.2|19.3|0.0|48772.938876|Thermal|33277.0|33097.1
2009|Porto|189.0|25.2|19.3|0.0|48772.938876|Photovoltaic|160.0|33097.1
2009|Castelo Branco|263.0|34.0|22.3|18.0|48772.938876|Total|50207.0|33097.1
2009|Castelo Branco|263.0|34.0|22.3|18.0|48772.938876|Eolic|7577.0|33097.1
2009|Castelo Branco|263.0|34.0|22.3|18.0|48772.938876|Geothermal|184.0|33097.1
2009|Castelo Branco|263.0|34.0|22.3|18.0|48772.938876|Hydric|9009.0|33097.1
2009|Castelo Branco|263.0|34.0|22.3|18.0|48772.938876|Thermal|33277.0|33097.1
2009|Castelo Branco|263.0|34.0|22.3|18.0|48772.938876|Photovoltaic|160.0|33097.1
2009|Lisboa|252.0|29.2|22.0|22.0|48772.938876|Total|50207.0|33097.1
2009|Lisboa|252.0|29.2|22.0|22.0|48772.938876|Eolic|7577.0|33097.1
2009|Lisboa|252.0|29.2|22.0|22.0|48772.938876|Geothermal|184.0|33097.1
2009|Lisboa|252.0|29.2|22.0|22.0|48772.938876|Hydric|9009.0|33097.1
2009|Lisboa|252.0|29.2|22.0|22.0|48772.938876|Thermal|33277.0|33097.1
2009|Lisboa|252.0|29.2|22.0|22.0|48772.938876|Photovoltaic|160.0|33097.1
2009|Beja|260.0|34.7|23.8|29.0|48772.938876|Total|50207.0|33097.1
2009|Beja|260.0|34.7|23.8|29.0|48772.938876|Eolic|7577.0|33097.1
2009|Beja|260.0|34.7|23.8|29.0|48772.938876|Geothermal|184.0|33097.1
2009|Beja|260.0|34.7|23.8|29.0|48772.938876|Hydric|9009.0|33097.1
2009|Beja|260.0|34.7|23.8|29.0|48772.938876|Thermal|33277.0|33097.1
2009|Beja|260.0|34.7|23.8|29.0|48772.938876|Photovoltaic|160.0|33097.1
2009|Faro|294.0|30.0|22.6|7.0|48772.938876|Total|50207.0|33097.1
2009|Faro|294.0|30.0|22.6|7.0|48772.938876|Eolic|7577.0|33097.1
2009|Faro|294.0|30.0|22.6|7.0|48772.938876|Geothermal|184.0|33097.1
2009|Faro|294.0|30.0|22.6|7.0|48772.938876|Hydric|9009.0|33097.1
2009|Faro|294.0|30.0|22.6|7.0|48772.938876|Thermal|33277.0|33097.1
2009|Faro|294.0|30.0|22.6|7.0|48772.938876|Photovoltaic|160.0|33097.1
2010|Viana do Castelo|209.0|26.0|19.1|0.0|50505.481187|Total|54093.0|34088.0
2010|Viana do Castelo|209.0|26.0|19.1|0.0|50505.481187|Eolic|9182.0|34088.0
2010|Viana do Castelo|209.0|26.0|19.1|0.0|50505.481187|Geothermal|197.0|34088.0
2010|Viana do Castelo|209.0|26.0|19.1|0.0|50505.481187|Hydric|16547.0|34088.0
2010|Viana do Castelo|209.0|26.0|19.1|0.0|50505.481187|Thermal|27953.0|34088.0
2010|Viana do Castelo|209.0|26.0|19.1|0.0|50505.481187|Photovoltaic|214.0|34088.0
2010|Bragança|233.0|31.6|18.3|13.0|50505.481187|Total|54093.0|34088.0
2010|Bragança|233.0|31.6|18.3|13.0|50505.481187|Eolic|9182.0|34088.0
2010|Bragança|233.0|31.6|18.3|13.0|50505.481187|Geothermal|197.0|34088.0
2010|Bragança|233.0|31.6|18.3|13.0|50505.481187|Hydric|16547.0|34088.0
2010|Bragança|233.0|31.6|18.3|13.0|50505.481187|Thermal|27953.0|34088.0
2010|Bragança|233.0|31.6|18.3|13.0|50505.481187|Photovoltaic|214.0|34088.0
2010|Porto|215.0|26.9|19.5|18.0|50505.481187|Total|54093.0|34088.0
2010|Porto|215.0|26.9|19.5|18.0|50505.481187|Eolic|9182.0|34088.0
2010|Porto|215.0|26.9|19.5|18.0|50505.481187|Geothermal|197.0|34088.0
2010|Porto|215.0|26.9|19.5|18.0|50505.481187|Hydric|16547.0|34088.0
2010|Porto|215.0|26.9|19.5|18.0|50505.481187|Thermal|27953.0|34088.0
2010|Porto|215.0|26.9|19.5|18.0|50505.481187|Photovoltaic|214.0|34088.0
2010|Castelo Branco|246.0|35.1|21.3|6.0|50505.481187|Total|54093.0|34088.0
2010|Castelo Branco|246.0|35.1|21.3|6.0|50505.481187|Eolic|9182.0|34088.0
2010|Castelo Branco|246.0|35.1|21.3|6.0|50505.481187|Geothermal|197.0|34088.0
2010|Castelo Branco|246.0|35.1|21.3|6.0|50505.481187|Hydric|16547.0|34088.0
2010|Castelo Branco|246.0|35.1|21.3|6.0|50505.481187|Thermal|27953.0|34088.0
2010|Castelo Branco|246.0|35.1|21.3|6.0|50505.481187|Photovoltaic|214.0|34088.0
2010|Lisboa|239.0|31.2|21.9|13.0|50505.481187|Total|54093.0|34088.0
2010|Lisboa|239.0|31.2|21.9|13.0|50505.481187|Eolic|9182.0|34088.0
2010|Lisboa|239.0|31.2|21.9|13.0|50505.481187|Geothermal|197.0|34088.0
2010|Lisboa|239.0|31.2|21.9|13.0|50505.481187|Hydric|16547.0|34088.0
2010|Lisboa|239.0|31.2|21.9|13.0|50505.481187|Thermal|27953.0|34088.0
2010|Lisboa|239.0|31.2|21.9|13.0|50505.481187|Photovoltaic|214.0|34088.0
2010|Beja|239.0|35.8|22.8|6.0|50505.481187|Total|54093.0|34088.0
2010|Beja|239.0|35.8|22.8|6.0|50505.481187|Eolic|9182.0|34088.0
2010|Beja|239.0|35.8|22.8|6.0|50505.481187|Geothermal|197.0|34088.0
2010|Beja|239.0|35.8|22.8|6.0|50505.481187|Hydric|16547.0|34088.0
2010|Beja|239.0|35.8|22.8|6.0|50505.481187|Thermal|27953.0|34088.0
2010|Beja|239.0|35.8|22.8|6.0|50505.481187|Photovoltaic|214.0|34088.0
2010|Faro|263.0|31.0|22.3|0.0|50505.481187|Total|54093.0|34088.0
2010|Faro|263.0|31.0|22.3|0.0|50505.481187|Eolic|9182.0|34088.0
2010|Faro|263.0|31.0|22.3|0.0|50505.481187|Geothermal|197.0|34088.0
2010|Faro|263.0|31.0|22.3|0.0|50505.481187|Hydric|16547.0|34088.0
2010|Faro|263.0|31.0|22.3|0.0|50505.481187|Thermal|27953.0|34088.0
2010|Faro|263.0|31.0|22.3|0.0|50505.481187|Photovoltaic|214.0|34088.0
2011|Viana do Castelo|232.0|23.8|19.8|8.0|49153.243791|Total|52465.0|34066.8
2011|Viana do Castelo|232.0|23.8|19.8|8.0|49153.243791|Eolic|9162.0|34066.8
2011|Viana do Castelo|232.0|23.8|19.8|8.0|49153.243791|Geothermal|210.0|34066.8
2011|Viana do Castelo|232.0|23.8|19.8|8.0|49153.243791|Hydric|12114.0|34066.8
2011|Viana do Castelo|232.0|23.8|19.8|8.0|49153.243791|Thermal|30697.0|34066.8
2011|Viana do Castelo|232.0|23.8|19.8|8.0|49153.243791|Photovoltaic|282.0|34066.8
2011|Bragança|259.0|29.6|19.9|37.0|49153.243791|Total|52465.0|34066.8
2011|Bragança|259.0|29.6|19.9|37.0|49153.243791|Eolic|9162.0|34066.8
2011|Bragança|259.0|29.6|19.9|37.0|49153.243791|Geothermal|210.0|34066.8
2011|Bragança|259.0|29.6|19.9|37.0|49153.243791|Hydric|12114.0|34066.8
2011|Bragança|259.0|29.6|19.9|37.0|49153.243791|Thermal|30697.0|34066.8
2011|Bragança|259.0|29.6|19.9|37.0|49153.243791|Photovoltaic|282.0|34066.8
2011|Porto|245.0|25.1|20.2|21.0|49153.243791|Total|52465.0|34066.8
2011|Porto|245.0|25.1|20.2|21.0|49153.243791|Eolic|9162.0|34066.8
2011|Porto|245.0|25.1|20.2|21.0|49153.243791|Geothermal|210.0|34066.8
2011|Porto|245.0|25.1|20.2|21.0|49153.243791|Hydric|12114.0|34066.8
2011|Porto|245.0|25.1|20.2|21.0|49153.243791|Thermal|30697.0|34066.8
2011|Porto|245.0|25.1|20.2|21.0|49153.243791|Photovoltaic|282.0|34066.8
2011|Castelo Branco|271.0|31.9|22.4|20.0|49153.243791|Total|52465.0|34066.8
2011|Castelo Branco|271.0|31.9|22.4|20.0|49153.243791|Eolic|9162.0|34066.8
2011|Castelo Branco|271.0|31.9|22.4|20.0|49153.243791|Geothermal|210.0|34066.8
2011|Castelo Branco|271.0|31.9|22.4|20.0|49153.243791|Hydric|12114.0|34066.8
2011|Castelo Branco|271.0|31.9|22.4|20.0|49153.243791|Thermal|30697.0|34066.8
2011|Castelo Branco|271.0|31.9|22.4|20.0|49153.243791|Photovoltaic|282.0|34066.8
2011|Lisboa|268.0|28.0|22.5|14.0|49153.243791|Total|52465.0|34066.8
2011|Lisboa|268.0|28.0|22.5|14.0|49153.243791|Eolic|9162.0|34066.8
2011|Lisboa|268.0|28.0|22.5|14.0|49153.243791|Geothermal|210.0|34066.8
2011|Lisboa|268.0|28.0|22.5|14.0|49153.243791|Hydric|12114.0|34066.8
2011|Lisboa|268.0|28.0|22.5|14.0|49153.243791|Thermal|30697.0|34066.8
2011|Lisboa|268.0|28.0|22.5|14.0|49153.243791|Photovoltaic|282.0|34066.8
2011|Beja|252.0|32.1|23.4|29.0|49153.243791|Total|52465.0|34066.8
2011|Beja|252.0|32.1|23.4|29.0|49153.243791|Eolic|9162.0|34066.8
2011|Beja|252.0|32.1|23.4|29.0|49153.243791|Geothermal|210.0|34066.8
2011|Beja|252.0|32.1|23.4|29.0|49153.243791|Hydric|12114.0|34066.8
2011|Beja|252.0|32.1|23.4|29.0|49153.243791|Thermal|30697.0|34066.8
2011|Beja|252.0|32.1|23.4|29.0|49153.243791|Photovoltaic|282.0|34066.8
2011|Faro|292.0|29.5|22.9|0.0|49153.243791|Total|52465.0|34066.8
2011|Faro|292.0|29.5|22.9|0.0|49153.243791|Eolic|9162.0|34066.8
2011|Faro|292.0|29.5|22.9|0.0|49153.243791|Geothermal|210.0|34066.8
2011|Faro|292.0|29.5|22.9|0.0|49153.243791|Hydric|12114.0|34066.8
2011|Faro|292.0|29.5|22.9|0.0|49153.243791|Thermal|30697.0|34066.8
2011|Faro|292.0|29.5|22.9|0.0|49153.243791|Photovoltaic|282.0|34066.8
2015|Viana do Castelo|212.0|24.2|19.5|0.0|46852.996022|Total|52424.0|36242.6
2015|Viana do Castelo|212.0|24.2|19.5|0.0|46852.996022|Eolic|11608.0|36242.6
2015|Viana do Castelo|212.0|24.2|19.5|0.0|46852.996022|Geothermal|204.0|36242.6
2015|Viana do Castelo|212.0|24.2|19.5|0.0|46852.996022|Hydric|9800.0|36242.6
2015|Viana do Castelo|212.0|24.2|19.5|0.0|46852.996022|Thermal|30014.0|36242.6
2015|Viana do Castelo|212.0|24.2|19.5|0.0|46852.996022|Photovoltaic|799.0|36242.6
2015|Bragança|256.0|32.2|19.5|40.0|46852.996022|Total|52424.0|36242.6
2015|Bragança|256.0|32.2|19.5|40.0|46852.996022|Eolic|11608.0|36242.6
2015|Bragança|256.0|32.2|19.5|40.0|46852.996022|Geothermal|204.0|36242.6
2015|Bragança|256.0|32.2|19.5|40.0|46852.996022|Hydric|9800.0|36242.6
2015|Bragança|256.0|32.2|19.5|40.0|46852.996022|Thermal|30014.0|36242.6
2015|Bragança|256.0|32.2|19.5|40.0|46852.996022|Photovoltaic|799.0|36242.6
2015|Porto|241.0|24.2|19.6|13.0|46852.996022|Total|52424.0|36242.6
2015|Porto|241.0|24.2|19.6|13.0|46852.996022|Eolic|11608.0|36242.6
2015|Porto|241.0|24.2|19.6|13.0|46852.996022|Geothermal|204.0|36242.6
2015|Porto|241.0|24.2|19.6|13.0|46852.996022|Hydric|9800.0|36242.6
2015|Porto|241.0|24.2|19.6|13.0|46852.996022|Thermal|30014.0|36242.6
2015|Porto|241.0|24.2|19.6|13.0|46852.996022|Photovoltaic|799.0|36242.6
2015|Castelo Branco|279.0|35.2|22.8|26.0|46852.996022|Total|52424.0|36242.6
2015|Castelo Branco|279.0|35.2|22.8|26.0|46852.996022|Eolic|11608.0|36242.6
2015|Castelo Branco|279.0|35.2|22.8|26.0|46852.996022|Geothermal|204.0|36242.6
2015|Castelo Branco|279.0|35.2|22.8|26.0|46852.996022|Hydric|9800.0|36242.6
2015|Castelo Branco|279.0|35.2|22.8|26.0|46852.996022|Thermal|30014.0|36242.6
2015|Castelo Branco|279.0|35.2|22.8|26.0|46852.996022|Photovoltaic|799.0|36242.6
2015|Lisboa|276.0|29.2|22.4|14.0|46852.996022|Total|52424.0|36242.6
2015|Lisboa|276.0|29.2|22.4|14.0|46852.996022|Eolic|11608.0|36242.6
2015|Lisboa|276.0|29.2|22.4|14.0|46852.996022|Geothermal|204.0|36242.6
2015|Lisboa|276.0|29.2|22.4|14.0|46852.996022|Hydric|9800.0|36242.6
2015|Lisboa|276.0|29.2|22.4|14.0|46852.996022|Thermal|30014.0|36242.6
2015|Lisboa|276.0|29.2|22.4|14.0|46852.996022|Photovoltaic|799.0|36242.6
2015|Beja|263.0|33.8|24.1|55.0|46852.996022|Total|52424.0|36242.6
2015|Beja|263.0|33.8|24.1|55.0|46852.996022|Eolic|11608.0|36242.6
2015|Beja|263.0|33.8|24.1|55.0|46852.996022|Geothermal|204.0|36242.6
2015|Beja|263.0|33.8|24.1|55.0|46852.996022|Hydric|9800.0|36242.6
2015|Beja|263.0|33.8|24.1|55.0|46852.996022|Thermal|30014.0|36242.6
2015|Beja|263.0|33.8|24.1|55.0|46852.996022|Photovoltaic|799.0|36242.6
2015|Faro|312.0|31.1|22.8|6.0|46852.996022|Total|52424.0|36242.6
2015|Faro|312.0|31.1|22.8|6.0|46852.996022|Eolic|11608.0|36242.6
2015|Faro|312.0|31.1|22.8|6.0|46852.996022|Geothermal|204.0|36242.6
2015|Faro|312.0|31.1|22.8|6.0|46852.996022|Hydric|9800.0|36242.6
2015|Faro|312.0|31.1|22.8|6.0|46852.996022|Thermal|30014.0|36242.6
2015|Faro|312.0|31.1|22.8|6.0|46852.996022|Photovoltaic|799.0|36242.6
2016|Viana do Castelo|212.0|26.7|19.3|0.0|47326.732798|Total|60279.0|36703.8
2016|Viana do Castelo|212.0|26.7|19.3|0.0|47326.732798|Eolic|12474.0|36703.8
2016|Viana do Castelo|212.0|26.7|19.3|0.0|47326.732798|Geothermal|172.0|36703.8
2016|Viana do Castelo|212.0|26.7|19.3|0.0|47326.732798|Hydric|16909.0|36703.8
2016|Viana do Castelo|212.0|26.7|19.3|0.0|47326.732798|Thermal|29902.0|36703.8
2016|Viana do Castelo|212.0|26.7|19.3|0.0|47326.732798|Photovoltaic|822.0|36703.8
2016|Bragança|228.0|32.3|19.3|19.0|47326.732798|Total|60279.0|36703.8
2016|Bragança|228.0|32.3|19.3|19.0|47326.732798|Eolic|12474.0|36703.8
2016|Bragança|228.0|32.3|19.3|19.0|47326.732798|Geothermal|172.0|36703.8
2016|Bragança|228.0|32.3|19.3|19.0|47326.732798|Hydric|16909.0|36703.8
2016|Bragança|228.0|32.3|19.3|19.0|47326.732798|Thermal|29902.0|36703.8
2016|Bragança|228.0|32.3|19.3|19.0|47326.732798|Photovoltaic|822.0|36703.8
2016|Porto|218.0|26.5|19.5|6.0|47326.732798|Total|60279.0|36703.8
2016|Porto|218.0|26.5|19.5|6.0|47326.732798|Eolic|12474.0|36703.8
2016|Porto|218.0|26.5|19.5|6.0|47326.732798|Geothermal|172.0|36703.8
2016|Porto|218.0|26.5|19.5|6.0|47326.732798|Hydric|16909.0|36703.8
2016|Porto|218.0|26.5|19.5|6.0|47326.732798|Thermal|29902.0|36703.8
2016|Porto|218.0|26.5|19.5|6.0|47326.732798|Photovoltaic|822.0|36703.8
2016|Castelo Branco|253.0|35.1|22.1|7.0|47326.732798|Total|60279.0|36703.8
2016|Castelo Branco|253.0|35.1|22.1|7.0|47326.732798|Eolic|12474.0|36703.8
2016|Castelo Branco|253.0|35.1|22.1|7.0|47326.732798|Geothermal|172.0|36703.8
2016|Castelo Branco|253.0|35.1|22.1|7.0|47326.732798|Hydric|16909.0|36703.8
2016|Castelo Branco|253.0|35.1|22.1|7.0|47326.732798|Thermal|29902.0|36703.8
2016|Castelo Branco|253.0|35.1|22.1|7.0|47326.732798|Photovoltaic|822.0|36703.8
2016|Lisboa|245.0|31.8|22.5|8.0|47326.732798|Total|60279.0|36703.8
2016|Lisboa|245.0|31.8|22.5|8.0|47326.732798|Eolic|12474.0|36703.8
2016|Lisboa|245.0|31.8|22.5|8.0|47326.732798|Geothermal|172.0|36703.8
2016|Lisboa|245.0|31.8|22.5|8.0|47326.732798|Hydric|16909.0|36703.8
2016|Lisboa|245.0|31.8|22.5|8.0|47326.732798|Thermal|29902.0|36703.8
2016|Lisboa|245.0|31.8|22.5|8.0|47326.732798|Photovoltaic|822.0|36703.8
2016|Beja|244.0|35.9|23.7|0.0|47326.732798|Total|60279.0|36703.8
2016|Beja|244.0|35.9|23.7|0.0|47326.732798|Eolic|12474.0|36703.8
2016|Beja|244.0|35.9|23.7|0.0|47326.732798|Geothermal|172.0|36703.8
2016|Beja|244.0|35.9|23.7|0.0|47326.732798|Hydric|16909.0|36703.8
2016|Beja|244.0|35.9|23.7|0.0|47326.732798|Thermal|29902.0|36703.8
2016|Beja|244.0|35.9|23.7|0.0|47326.732798|Photovoltaic|822.0|36703.8
2016|Faro|283.0|31.2|22.9|0.0|47326.732798|Total|60279.0|36703.8
2016|Faro|283.0|31.2|22.9|0.0|47326.732798|Eolic|12474.0|36703.8
2016|Faro|283.0|31.2|22.9|0.0|47326.732798|Geothermal|172.0|36703.8
2016|Faro|283.0|31.2|22.9|0.0|47326.732798|Hydric|16909.0|36703.8
2016|Faro|283.0|31.2|22.9|0.0|47326.732798|Thermal|29902.0|36703.8
2016|Faro|283.0|31.2|22.9|0.0|47326.732798|Photovoltaic|822.0|36703.8
